Date Time,T (degC)
01.01.2009 00:00:00,-6.81062937062937
02.01.2009 00:00:00,-3.7281944444444446
03.01.2009 00:00:00,-5.271736111111111
04.01.2009 00:00:00,-1.3752083333333334
05.01.2009 00:00:00,-4.867152777777778
06.01.2009 00:00:00,-15.482847222222224
07.01.2009 00:00:00,-15.734375
08.01.2009 00:00:00,-9.609166666666667
09.01.2009 00:00:00,-12.301458333333334
10.01.2009 00:00:00,-10.72826388888889
11.01.2009 00:00:00,-8.681666666666667
12.01.2009 00:00:00,-5.38486111111111
13.01.2009 00:00:00,-1.6781944444444443
14.01.2009 00:00:00,-4.687777777777778
15.01.2009 00:00:00,-0.06097222222222223
16.01.2009 00:00:00,-2.815763888888889
17.01.2009 00:00:00,0.03965277777777779
18.01.2009 00:00:00,2.5628472222222225
19.01.2009 00:00:00,2.5247916666666668
20.01.2009 00:00:00,3.1835416666666667
21.01.2009 00:00:00,-1.5480555555555555
22.01.2009 00:00:00,-1.1256944444444443
23.01.2009 00:00:00,1.4604166666666667
24.01.2009 00:00:00,2.580347222222222
25.01.2009 00:00:00,0.9847222222222223
26.01.2009 00:00:00,-3.2847222222222223
27.01.2009 00:00:00,-1.344236111111111
28.01.2009 00:00:00,-2.4938194444444446
29.01.2009 00:00:00,-2.3710416666666667
30.01.2009 00:00:00,-2.3960416666666666
31.01.2009 00:00:00,-2.001666666666667
01.02.2009 00:00:00,-3.3604861111111113
02.02.2009 00:00:00,-0.7297222222222222
03.02.2009 00:00:00,-0.04368055555555555
04.02.2009 00:00:00,-1.0165277777777777
05.02.2009 00:00:00,1.839513888888889
06.02.2009 00:00:00,2.575763888888889
07.02.2009 00:00:00,1.4011805555555557
08.02.2009 00:00:00,1.1025
09.02.2009 00:00:00,-0.2054166666666667
10.02.2009 00:00:00,2.501736111111111
11.02.2009 00:00:00,0.27479166666666666
12.02.2009 00:00:00,-1.4327083333333333
13.02.2009 00:00:00,-1.3451388888888889
14.02.2009 00:00:00,-3.6197222222222223
15.02.2009 00:00:00,-4.306388888888889
16.02.2009 00:00:00,0.1820138888888889
17.02.2009 00:00:00,-2.414236111111111
18.02.2009 00:00:00,-4.156041666666667
19.02.2009 00:00:00,-4.658125
20.02.2009 00:00:00,0.24298611111111107
21.02.2009 00:00:00,1.07875
22.02.2009 00:00:00,1.9157638888888888
23.02.2009 00:00:00,2.443125
24.02.2009 00:00:00,-0.3482638888888889
25.02.2009 00:00:00,1.4436805555555554
26.02.2009 00:00:00,3.9734027777777774
27.02.2009 00:00:00,4.852569444444445
28.02.2009 00:00:00,6.567291666666667
01.03.2009 00:00:00,5.435694444444445
02.03.2009 00:00:00,5.4338194444444445
03.03.2009 00:00:00,3.935416666666667
04.03.2009 00:00:00,4.606111111111111
05.03.2009 00:00:00,2.216527777777778
06.03.2009 00:00:00,3.949513888888889
07.03.2009 00:00:00,1.7006249999999998
08.03.2009 00:00:00,2.807638888888889
09.03.2009 00:00:00,3.841041666666667
10.03.2009 00:00:00,3.628055555555556
11.03.2009 00:00:00,2.9263194444444443
12.03.2009 00:00:00,2.976111111111111
13.03.2009 00:00:00,6.547638888888889
14.03.2009 00:00:00,5.2664583333333335
15.03.2009 00:00:00,6.188402777777778
16.03.2009 00:00:00,6.14638888888889
17.03.2009 00:00:00,6.388055555555556
18.03.2009 00:00:00,3.901944444444444
19.03.2009 00:00:00,2.7075694444444443
20.03.2009 00:00:00,0.0954861111111111
21.03.2009 00:00:00,1.7323611111111112
22.03.2009 00:00:00,3.869652777777778
23.03.2009 00:00:00,5.707916666666666
24.03.2009 00:00:00,1.2549305555555557
25.03.2009 00:00:00,-0.2568055555555555
26.03.2009 00:00:00,4.225069444444444
27.03.2009 00:00:00,5.914722222222222
28.03.2009 00:00:00,5.385138888888889
29.03.2009 00:00:00,5.857986111111111
30.03.2009 00:00:00,4.617777777777778
31.03.2009 00:00:00,4.680694444444445
01.04.2009 00:00:00,7.28388888888889
02.04.2009 00:00:00,10.625833333333333
03.04.2009 00:00:00,12.841944444444444
04.04.2009 00:00:00,13.436041666666666
05.04.2009 00:00:00,11.012847222222222
06.04.2009 00:00:00,11.967916666666666
07.04.2009 00:00:00,12.812430555555556
08.04.2009 00:00:00,12.856944444444444
09.04.2009 00:00:00,12.505555555555555
10.04.2009 00:00:00,14.262152777777779
11.04.2009 00:00:00,15.262500000000001
12.04.2009 00:00:00,14.096875
13.04.2009 00:00:00,12.79076388888889
14.04.2009 00:00:00,13.651736111111111
15.04.2009 00:00:00,14.94298611111111
16.04.2009 00:00:00,14.754097222222223
17.04.2009 00:00:00,8.090833333333332
18.04.2009 00:00:00,7.445486111111112
19.04.2009 00:00:00,10.528402777777778
20.04.2009 00:00:00,10.854791666666666
21.04.2009 00:00:00,11.108819444444444
22.04.2009 00:00:00,8.520277777777778
23.04.2009 00:00:00,6.383958333333333
24.04.2009 00:00:00,9.899722222222222
25.04.2009 00:00:00,14.380763888888888
26.04.2009 00:00:00,13.907291666666667
27.04.2009 00:00:00,15.685555555555554
28.04.2009 00:00:00,13.117638888888889
29.04.2009 00:00:00,9.359583333333333
30.04.2009 00:00:00,12.305069444444445
01.05.2009 00:00:00,12.690069444444445
02.05.2009 00:00:00,12.877569444444443
03.05.2009 00:00:00,13.19
04.05.2009 00:00:00,8.107569444444444
05.05.2009 00:00:00,6.822847222222222
06.05.2009 00:00:00,10.533333333333333
07.05.2009 00:00:00,14.193541666666667
08.05.2009 00:00:00,13.231805555555557
09.05.2009 00:00:00,13.124305555555557
10.05.2009 00:00:00,13.907361111111111
11.05.2009 00:00:00,10.490208333333333
12.05.2009 00:00:00,10.844861111111111
13.05.2009 00:00:00,11.822569444444445
14.05.2009 00:00:00,12.2475
15.05.2009 00:00:00,14.563819444444444
16.05.2009 00:00:00,13.085625
17.05.2009 00:00:00,15.731458333333332
18.05.2009 00:00:00,15.54986111111111
19.05.2009 00:00:00,15.382916666666667
20.05.2009 00:00:00,16.889791666666667
21.05.2009 00:00:00,16.80625
22.05.2009 00:00:00,13.374305555555557
23.05.2009 00:00:00,13.40673611111111
24.05.2009 00:00:00,18.656944444444445
25.05.2009 00:00:00,18.5725
26.05.2009 00:00:00,19.945
27.05.2009 00:00:00,12.920763888888889
28.05.2009 00:00:00,11.966111111111111
29.05.2009 00:00:00,11.269305555555555
30.05.2009 00:00:00,10.677916666666667
31.05.2009 00:00:00,13.568194444444444
01.06.2009 00:00:00,15.201597222222224
02.06.2009 00:00:00,17.500208333333333
03.06.2009 00:00:00,10.939305555555556
04.06.2009 00:00:00,9.306527777777779
05.06.2009 00:00:00,9.310694444444444
06.06.2009 00:00:00,8.15076388888889
07.06.2009 00:00:00,12.039583333333333
08.06.2009 00:00:00,14.51486111111111
09.06.2009 00:00:00,14.812569444444446
10.06.2009 00:00:00,14.468541666666665
11.06.2009 00:00:00,13.322291666666667
12.06.2009 00:00:00,11.077152777777776
13.06.2009 00:00:00,13.369375
14.06.2009 00:00:00,16.1
15.06.2009 00:00:00,16.252847222222222
16.06.2009 00:00:00,12.862013888888889
17.06.2009 00:00:00,14.352569444444445
18.06.2009 00:00:00,17.28451388888889
19.06.2009 00:00:00,15.913888888888888
20.06.2009 00:00:00,13.45138888888889
21.06.2009 00:00:00,11.793541666666666
22.06.2009 00:00:00,11.737569444444444
23.06.2009 00:00:00,13.875694444444443
24.06.2009 00:00:00,16.120208333333334
25.06.2009 00:00:00,14.474097222222222
26.06.2009 00:00:00,17.370069444444443
27.06.2009 00:00:00,16.32409722222222
28.06.2009 00:00:00,17.346874999999997
29.06.2009 00:00:00,18.016944444444444
30.06.2009 00:00:00,20.163055555555555
01.07.2009 00:00:00,20.121875000000003
02.07.2009 00:00:00,21.100694444444443
03.07.2009 00:00:00,21.859444444444442
04.07.2009 00:00:00,21.29236111111111
05.07.2009 00:00:00,20.610416666666666
06.07.2009 00:00:00,17.570486111111112
07.07.2009 00:00:00,15.978958333333331
08.07.2009 00:00:00,14.749513888888888
09.07.2009 00:00:00,14.636597222222223
10.07.2009 00:00:00,12.707777777777778
11.07.2009 00:00:00,12.454166666666667
12.07.2009 00:00:00,16.04715277777778
13.07.2009 00:00:00,20.174722222222222
14.07.2009 00:00:00,19.891319444444445
15.07.2009 00:00:00,20.359305555555554
16.07.2009 00:00:00,20.84472222222222
17.07.2009 00:00:00,19.871944444444445
18.07.2009 00:00:00,15.099791666666667
19.07.2009 00:00:00,14.937916666666666
20.07.2009 00:00:00,15.336180555555554
21.07.2009 00:00:00,18.57069444444444
22.07.2009 00:00:00,21.63423611111111
23.07.2009 00:00:00,20.633819444444445
24.07.2009 00:00:00,16.73159722222222
25.07.2009 00:00:00,15.104305555555555
26.07.2009 00:00:00,16.660486111111112
27.07.2009 00:00:00,20.307361111111113
28.07.2009 00:00:00,18.874305555555555
29.07.2009 00:00:00,19.25111111111111
30.07.2009 00:00:00,18.689652777777777
31.07.2009 00:00:00,15.690763888888888
01.08.2009 00:00:00,18.86479166666667
02.08.2009 00:00:00,20.094166666666666
03.08.2009 00:00:00,17.196875
04.08.2009 00:00:00,17.259097222222223
05.08.2009 00:00:00,18.062291666666667
06.08.2009 00:00:00,19.816041666666667
07.08.2009 00:00:00,21.350069444444443
08.08.2009 00:00:00,21.142013888888886
09.08.2009 00:00:00,19.97076388888889
10.08.2009 00:00:00,18.686666666666667
11.08.2009 00:00:00,18.151458333333334
12.08.2009 00:00:00,17.936875
13.08.2009 00:00:00,17.161805555555556
14.08.2009 00:00:00,15.985555555555557
15.08.2009 00:00:00,19.0475
16.08.2009 00:00:00,21.997430555555557
17.08.2009 00:00:00,21.65895833333333
18.08.2009 00:00:00,18.675972222222224
19.08.2009 00:00:00,20.17659722222222
20.08.2009 00:00:00,25.302847222222223
21.08.2009 00:00:00,19.559930555555557
22.08.2009 00:00:00,15.945416666666667
23.08.2009 00:00:00,16.141527777777778
24.08.2009 00:00:00,19.28527777777778
25.08.2009 00:00:00,20.497638888888886
26.08.2009 00:00:00,19.37423611111111
27.08.2009 00:00:00,20.371111111111112
28.08.2009 00:00:00,20.013194444444444
29.08.2009 00:00:00,15.186041666666666
30.08.2009 00:00:00,13.711805555555555
31.08.2009 00:00:00,16.808611111111112
01.09.2009 00:00:00,21.28972222222222
02.09.2009 00:00:00,19.001388888888886
03.09.2009 00:00:00,16.202916666666667
04.09.2009 00:00:00,14.0325
05.09.2009 00:00:00,12.399652777777778
06.09.2009 00:00:00,12.459236111111112
07.09.2009 00:00:00,14.613750000000001
08.09.2009 00:00:00,16.745625
09.09.2009 00:00:00,17.5
10.09.2009 00:00:00,15.012847222222222
11.09.2009 00:00:00,15.170902777777778
12.09.2009 00:00:00,13.812847222222222
13.09.2009 00:00:00,11.097638888888888
14.09.2009 00:00:00,10.908194444444444
15.09.2009 00:00:00,13.9475
16.09.2009 00:00:00,14.738888888888889
17.09.2009 00:00:00,13.91048611111111
18.09.2009 00:00:00,14.355069444444446
19.09.2009 00:00:00,15.05173611111111
20.09.2009 00:00:00,16.466666666666665
21.09.2009 00:00:00,15.037361111111112
22.09.2009 00:00:00,16.056875
23.09.2009 00:00:00,15.67173611111111
24.09.2009 00:00:00,13.3175
25.09.2009 00:00:00,10.895972222222222
26.09.2009 00:00:00,10.790486111111111
27.09.2009 00:00:00,11.474027777777778
28.09.2009 00:00:00,11.933958333333333
29.09.2009 00:00:00,14.043333333333333
30.09.2009 00:00:00,10.814722222222223
01.10.2009 00:00:00,11.937847222222222
02.10.2009 00:00:00,8.827152777777776
03.10.2009 00:00:00,10.735555555555557
04.10.2009 00:00:00,11.762222222222222
05.10.2009 00:00:00,10.35763888888889
06.10.2009 00:00:00,14.646597222222223
07.10.2009 00:00:00,18.605763888888887
08.10.2009 00:00:00,15.332394366197182
09.10.2009 00:00:00,8.024791666666665
10.10.2009 00:00:00,10.106458333333332
11.10.2009 00:00:00,10.525347222222223
12.10.2009 00:00:00,6.733125
13.10.2009 00:00:00,4.617083333333333
14.10.2009 00:00:00,2.384097222222222
15.10.2009 00:00:00,1.2434027777777779
16.10.2009 00:00:00,3.919583333333333
17.10.2009 00:00:00,3.9593055555555554
18.10.2009 00:00:00,3.9187499999999997
19.10.2009 00:00:00,2.887013888888889
20.10.2009 00:00:00,1.3233333333333333
21.10.2009 00:00:00,2.522222222222222
22.10.2009 00:00:00,2.577916666666667
23.10.2009 00:00:00,6.439791666666667
24.10.2009 00:00:00,7.475416666666667
25.10.2009 00:00:00,9.271527777777777
26.10.2009 00:00:00,8.065625
27.10.2009 00:00:00,10.446666666666665
28.10.2009 00:00:00,9.549791666666668
29.10.2009 00:00:00,8.715277777777779
30.10.2009 00:00:00,6.229583333333333
31.10.2009 00:00:00,1.4540277777777777
01.11.2009 00:00:00,3.2109027777777777
02.11.2009 00:00:00,6.373680555555556
03.11.2009 00:00:00,5.777013888888889
04.11.2009 00:00:00,5.354652777777778
05.11.2009 00:00:00,6.10125
06.11.2009 00:00:00,6.322291666666667
07.11.2009 00:00:00,4.510486111111111
08.11.2009 00:00:00,4.141736111111111
09.11.2009 00:00:00,3.5526388888888887
10.11.2009 00:00:00,4.204930555555555
11.11.2009 00:00:00,5.290555555555556
12.11.2009 00:00:00,4.559027777777778
13.11.2009 00:00:00,8.440138888888889
14.11.2009 00:00:00,10.077569444444444
15.11.2009 00:00:00,9.69951388888889
16.11.2009 00:00:00,7.326527777777778
17.11.2009 00:00:00,9.412986111111111
18.11.2009 00:00:00,8.269583333333333
19.11.2009 00:00:00,9.205763888888889
20.11.2009 00:00:00,8.08125
21.11.2009 00:00:00,9.07826388888889
22.11.2009 00:00:00,10.616458333333334
23.11.2009 00:00:00,9.036111111111111
24.11.2009 00:00:00,9.579027777777778
25.11.2009 00:00:00,10.929513888888888
26.11.2009 00:00:00,8.046180555555557
27.11.2009 00:00:00,7.162152777777777
28.11.2009 00:00:00,6.894375
29.11.2009 00:00:00,8.692708333333334
30.11.2009 00:00:00,5.038819444444445
01.12.2009 00:00:00,3.6824305555555554
02.12.2009 00:00:00,0.9474305555555556
03.12.2009 00:00:00,3.923402777777778
04.12.2009 00:00:00,2.817152777777778
05.12.2009 00:00:00,0.9170833333333334
06.12.2009 00:00:00,6.259722222222222
07.12.2009 00:00:00,5.101180555555556
08.12.2009 00:00:00,5.644375
09.12.2009 00:00:00,4.598125
10.12.2009 00:00:00,4.00625
11.12.2009 00:00:00,1.4195833333333332
12.12.2009 00:00:00,-0.037013888888888895
13.12.2009 00:00:00,-2.9225694444444446
14.12.2009 00:00:00,-3.671111111111111
15.12.2009 00:00:00,-2.45125
16.12.2009 00:00:00,-3.8531944444444446
17.12.2009 00:00:00,-6.976875
18.12.2009 00:00:00,-10.73625
19.12.2009 00:00:00,-15.984930555555556
20.12.2009 00:00:00,-12.193194444444444
21.12.2009 00:00:00,-3.2488888888888887
22.12.2009 00:00:00,3.1913194444444444
23.12.2009 00:00:00,-0.07305555555555557
24.12.2009 00:00:00,-0.26805555555555555
25.12.2009 00:00:00,3.6904166666666662
26.12.2009 00:00:00,2.0029861111111114
27.12.2009 00:00:00,-0.5450694444444444
28.12.2009 00:00:00,2.0119444444444445
29.12.2009 00:00:00,-2.211875
30.12.2009 00:00:00,1.1199305555555557
31.12.2009 00:00:00,-1.2822916666666666
01.01.2010 00:00:00,-3.8192361111111115
02.01.2010 00:00:00,-5.110555555555555
03.01.2010 00:00:00,-4.702222222222222
04.01.2010 00:00:00,-6.132569444444445
05.01.2010 00:00:00,-10.263402777777777
06.01.2010 00:00:00,-9.028194444444445
07.01.2010 00:00:00,-8.348263888888889
08.01.2010 00:00:00,-9.687083333333334
09.01.2010 00:00:00,-5.3152083333333335
10.01.2010 00:00:00,-5.1774305555555555
11.01.2010 00:00:00,-6.733888888888888
12.01.2010 00:00:00,-6.860902777777778
13.01.2010 00:00:00,-9.431736111111112
14.01.2010 00:00:00,-2.341527777777778
15.01.2010 00:00:00,-2.103472222222222
16.01.2010 00:00:00,-2.7097916666666664
17.01.2010 00:00:00,-0.041319444444444436
18.01.2010 00:00:00,2.249513888888889
19.01.2010 00:00:00,0.7620833333333333
20.01.2010 00:00:00,-0.22277777777777777
21.01.2010 00:00:00,-6.013402777777777
22.01.2010 00:00:00,-6.487013888888889
23.01.2010 00:00:00,-5.828472222222222
24.01.2010 00:00:00,-5.601180555555556
25.01.2010 00:00:00,-5.586111111111111
26.01.2010 00:00:00,-11.842916666666667
27.01.2010 00:00:00,-11.237708333333334
28.01.2010 00:00:00,-0.5391666666666667
29.01.2010 00:00:00,0.02861111111111112
30.01.2010 00:00:00,-2.1807638888888885
31.01.2010 00:00:00,-4.670763888888889
01.02.2010 00:00:00,-2.2762499999999997
02.02.2010 00:00:00,-1.8699305555555554
03.02.2010 00:00:00,0.5686111111111111
04.02.2010 00:00:00,0.2692361111111111
05.02.2010 00:00:00,-0.6791666666666667
06.02.2010 00:00:00,-0.031597222222222214
07.02.2010 00:00:00,-4.96375
08.02.2010 00:00:00,-7.049444444444444
09.02.2010 00:00:00,-6.849374999999999
10.02.2010 00:00:00,-6.7039583333333335
11.02.2010 00:00:00,-6.440972222222222
12.02.2010 00:00:00,-3.690347222222222
13.02.2010 00:00:00,-4.790625
14.02.2010 00:00:00,-4.7960416666666665
15.02.2010 00:00:00,-4.657777777777778
16.02.2010 00:00:00,-5.632638888888889
17.02.2010 00:00:00,-5.175902777777778
18.02.2010 00:00:00,1.6727083333333335
19.02.2010 00:00:00,1.4715277777777778
20.02.2010 00:00:00,0.8743055555555556
21.02.2010 00:00:00,-0.27694444444444444
22.02.2010 00:00:00,2.457986111111111
23.02.2010 00:00:00,3.830625
24.02.2010 00:00:00,2.875277777777778
25.02.2010 00:00:00,5.845416666666667
26.02.2010 00:00:00,6.734444444444445
27.02.2010 00:00:00,4.960277777777778
28.02.2010 00:00:00,7.890347222222222
01.03.2010 00:00:00,4.1686805555555555
02.03.2010 00:00:00,1.7577083333333334
03.03.2010 00:00:00,1.2244444444444444
04.03.2010 00:00:00,-2.09625
05.03.2010 00:00:00,-3.3188194444444448
06.03.2010 00:00:00,-3.962083333333333
07.03.2010 00:00:00,-4.605069444444444
08.03.2010 00:00:00,-3.963263888888889
09.03.2010 00:00:00,-5.612152777777777
10.03.2010 00:00:00,-2.8002777777777776
11.03.2010 00:00:00,-3.694861111111111
12.03.2010 00:00:00,0.4536111111111111
13.03.2010 00:00:00,2.430416666666667
14.03.2010 00:00:00,3.5877777777777777
15.03.2010 00:00:00,1.583125
16.03.2010 00:00:00,2.5239583333333333
17.03.2010 00:00:00,5.762569444444444
18.03.2010 00:00:00,7.2924999999999995
19.03.2010 00:00:00,10.054791666666667
20.03.2010 00:00:00,11.704166666666667
21.03.2010 00:00:00,11.052777777777777
22.03.2010 00:00:00,7.843958333333333
23.03.2010 00:00:00,7.81513888888889
24.03.2010 00:00:00,9.440069444444443
25.03.2010 00:00:00,13.035555555555554
26.03.2010 00:00:00,12.167499999999999
27.03.2010 00:00:00,7.553333333333334
28.03.2010 00:00:00,7.707152777777777
29.03.2010 00:00:00,8.790624999999999
30.03.2010 00:00:00,11.835347222222222
31.03.2010 00:00:00,7.196458333333333
01.04.2010 00:00:00,5.149166666666667
02.04.2010 00:00:00,4.511597222222222
03.04.2010 00:00:00,6.469375
04.04.2010 00:00:00,8.471666666666668
05.04.2010 00:00:00,6.703819444444445
06.04.2010 00:00:00,7.878611111111111
07.04.2010 00:00:00,10.287847222222222
08.04.2010 00:00:00,10.953333333333333
09.04.2010 00:00:00,9.014305555555556
10.04.2010 00:00:00,5.893263888888889
11.04.2010 00:00:00,3.311388888888889
12.04.2010 00:00:00,4.971041666666667
13.04.2010 00:00:00,8.063055555555556
14.04.2010 00:00:00,5.843819444444445
15.04.2010 00:00:00,4.57375
16.04.2010 00:00:00,5.930486111111112
17.04.2010 00:00:00,7.110069444444445
18.04.2010 00:00:00,10.029097222222223
19.04.2010 00:00:00,9.167083333333332
20.04.2010 00:00:00,10.789027777777779
21.04.2010 00:00:00,5.191319444444444
22.04.2010 00:00:00,5.428472222222222
23.04.2010 00:00:00,7.158472222222222
24.04.2010 00:00:00,10.385208333333333
25.04.2010 00:00:00,13.807708333333332
26.04.2010 00:00:00,12.09875
27.04.2010 00:00:00,12.125625
28.04.2010 00:00:00,12.295277777777777
29.04.2010 00:00:00,16.264027777777777
30.04.2010 00:00:00,16.89784722222222
01.05.2010 00:00:00,12.571874999999999
02.05.2010 00:00:00,10.152986111111112
03.05.2010 00:00:00,10.737152777777778
04.05.2010 00:00:00,7.7245833333333325
05.05.2010 00:00:00,6.508611111111112
06.05.2010 00:00:00,5.301875
07.05.2010 00:00:00,6.5282638888888895
08.05.2010 00:00:00,9.42173611111111
09.05.2010 00:00:00,10.063472222222224
10.05.2010 00:00:00,8.315833333333334
11.05.2010 00:00:00,8.674097222222223
12.05.2010 00:00:00,10.531944444444443
13.05.2010 00:00:00,7.5614583333333325
14.05.2010 00:00:00,6.844930555555555
15.05.2010 00:00:00,5.676944444444445
16.05.2010 00:00:00,9.668611111111112
17.05.2010 00:00:00,10.386944444444445
18.05.2010 00:00:00,9.252222222222223
19.05.2010 00:00:00,7.247847222222223
20.05.2010 00:00:00,9.747152777777778
21.05.2010 00:00:00,13.202916666666667
22.05.2010 00:00:00,13.694375
23.05.2010 00:00:00,16.733541666666667
24.05.2010 00:00:00,16.534374999999997
25.05.2010 00:00:00,14.097222222222221
26.05.2010 00:00:00,10.879583333333334
27.05.2010 00:00:00,12.005902777777777
28.05.2010 00:00:00,12.901527777777778
29.05.2010 00:00:00,13.701805555555556
30.05.2010 00:00:00,13.089444444444446
31.05.2010 00:00:00,9.135625
01.06.2010 00:00:00,9.696666666666665
02.06.2010 00:00:00,10.762847222222222
03.06.2010 00:00:00,15.629999999999999
04.06.2010 00:00:00,15.741805555555556
05.06.2010 00:00:00,18.142152777777778
06.06.2010 00:00:00,20.894861111111112
07.06.2010 00:00:00,18.391527777777778
08.06.2010 00:00:00,19.18451388888889
09.06.2010 00:00:00,22.765833333333333
10.06.2010 00:00:00,23.381527777777777
11.06.2010 00:00:00,21.40152777777778
12.06.2010 00:00:00,16.526944444444446
13.06.2010 00:00:00,13.772361111111111
14.06.2010 00:00:00,13.766805555555557
15.06.2010 00:00:00,14.702638888888888
16.06.2010 00:00:00,14.369652777777778
17.06.2010 00:00:00,16.42826388888889
18.06.2010 00:00:00,16.227083333333333
19.06.2010 00:00:00,11.686736111111111
20.06.2010 00:00:00,12.194166666666668
21.06.2010 00:00:00,11.77111111111111
22.06.2010 00:00:00,13.499305555555557
23.06.2010 00:00:00,15.645208333333333
24.06.2010 00:00:00,19.071180555555557
25.06.2010 00:00:00,18.646805555555556
26.06.2010 00:00:00,18.4225
27.06.2010 00:00:00,18.653194444444445
28.06.2010 00:00:00,20.56875
29.06.2010 00:00:00,22.12826388888889
30.06.2010 00:00:00,21.986736111111114
01.07.2010 00:00:00,22.516180555555554
02.07.2010 00:00:00,24.508611111111108
03.07.2010 00:00:00,25.76263888888889
04.07.2010 00:00:00,21.899305555555557
05.07.2010 00:00:00,20.661944444444444
06.07.2010 00:00:00,16.13145833333333
07.07.2010 00:00:00,17.121111111111112
08.07.2010 00:00:00,21.296666666666667
09.07.2010 00:00:00,24.863055555555558
10.07.2010 00:00:00,26.892777777777777
11.07.2010 00:00:00,27.641180555555554
12.07.2010 00:00:00,26.16451388888889
13.07.2010 00:00:00,22.602291666666666
14.07.2010 00:00:00,25.20576388888889
15.07.2010 00:00:00,22.04013888888889
16.07.2010 00:00:00,24.956249999999997
17.07.2010 00:00:00,20.437569444444446
18.07.2010 00:00:00,18.97763888888889
19.07.2010 00:00:00,18.564027777777778
20.07.2010 00:00:00,20.566180555555558
21.07.2010 00:00:00,25.011736111111112
22.07.2010 00:00:00,22.310555555555553
23.07.2010 00:00:00,17.72694444444444
24.07.2010 00:00:00,16.439861111111114
25.07.2010 00:00:00,15.598541666666668
26.07.2010 00:00:00,15.03840277777778
27.07.2010 00:00:00,17.536180555555557
28.07.2010 00:00:00,16.254097222222224
29.07.2010 00:00:00,14.777152777777777
30.07.2010 00:00:00,15.912500000000001
31.07.2010 00:00:00,17.908055555555556
01.08.2010 00:00:00,20.780347222222222
02.08.2010 00:00:00,18.94020833333333
03.08.2010 00:00:00,15.60638888888889
04.08.2010 00:00:00,16.177569444444444
05.08.2010 00:00:00,16.5525
06.08.2010 00:00:00,14.068958333333335
07.08.2010 00:00:00,17.787847222222222
08.08.2010 00:00:00,17.042291666666667
09.08.2010 00:00:00,17.072083333333335
10.08.2010 00:00:00,18.891180555555554
11.08.2010 00:00:00,17.047291666666666
12.08.2010 00:00:00,15.393749999999999
13.08.2010 00:00:00,16.05125
14.08.2010 00:00:00,16.011875
15.08.2010 00:00:00,14.985694444444444
16.08.2010 00:00:00,14.947222222222223
17.08.2010 00:00:00,13.507152777777778
18.08.2010 00:00:00,15.740486111111112
19.08.2010 00:00:00,16.07645833333333
20.08.2010 00:00:00,17.463680555555555
21.08.2010 00:00:00,20.63451388888889
22.08.2010 00:00:00,21.354027777777777
23.08.2010 00:00:00,18.987777777777776
24.08.2010 00:00:00,17.593888888888888
25.08.2010 00:00:00,15.32736111111111
26.08.2010 00:00:00,17.58763888888889
27.08.2010 00:00:00,18.342152777777777
28.08.2010 00:00:00,13.337986111111112
29.08.2010 00:00:00,11.584791666666668
30.08.2010 00:00:00,9.116111111111111
31.08.2010 00:00:00,12.21125
01.09.2010 00:00:00,11.763055555555557
02.09.2010 00:00:00,12.751319444444444
03.09.2010 00:00:00,13.184444444444445
04.09.2010 00:00:00,11.093125
05.09.2010 00:00:00,10.106805555555557
06.09.2010 00:00:00,10.493055555555555
07.09.2010 00:00:00,12.327013888888889
08.09.2010 00:00:00,13.766944444444444
09.09.2010 00:00:00,13.811875
10.09.2010 00:00:00,14.476319444444446
11.09.2010 00:00:00,14.012777777777778
12.09.2010 00:00:00,15.416180555555554
13.09.2010 00:00:00,13.586319444444445
14.09.2010 00:00:00,12.564583333333333
15.09.2010 00:00:00,14.118749999999999
16.09.2010 00:00:00,12.476597222222223
17.09.2010 00:00:00,11.312430555555556
18.09.2010 00:00:00,9.28
19.09.2010 00:00:00,9.431527777777779
20.09.2010 00:00:00,11.099791666666668
21.09.2010 00:00:00,12.727361111111112
22.09.2010 00:00:00,13.079652777777778
23.09.2010 00:00:00,14.346388888888889
24.09.2010 00:00:00,16.234444444444446
25.09.2010 00:00:00,10.467291666666666
26.09.2010 00:00:00,9.055486111111112
27.09.2010 00:00:00,8.31125
28.09.2010 00:00:00,9.216944444444444
29.09.2010 00:00:00,8.228055555555555
30.09.2010 00:00:00,8.500763888888889
01.10.2010 00:00:00,9.953541666666666
02.10.2010 00:00:00,11.336319444444445
03.10.2010 00:00:00,13.296666666666667
04.10.2010 00:00:00,11.158333333333333
05.10.2010 00:00:00,12.667291666666666
06.10.2010 00:00:00,13.678819444444445
07.10.2010 00:00:00,12.32763888888889
08.10.2010 00:00:00,12.215277777777779
09.10.2010 00:00:00,10.290694444444444
10.10.2010 00:00:00,6.610625
11.10.2010 00:00:00,5.423055555555555
12.10.2010 00:00:00,3.725763888888889
13.10.2010 00:00:00,4.894513888888889
14.10.2010 00:00:00,6.081736111111111
15.10.2010 00:00:00,8.216041666666666
16.10.2010 00:00:00,6.098888888888889
17.10.2010 00:00:00,5.2051388888888885
18.10.2010 00:00:00,2.035902777777778
19.10.2010 00:00:00,3.488888888888889
20.10.2010 00:00:00,4.956527777777778
21.10.2010 00:00:00,4.310208333333333
22.10.2010 00:00:00,4.114027777777777
23.10.2010 00:00:00,5.056597222222222
24.10.2010 00:00:00,7.405833333333334
25.10.2010 00:00:00,3.8912500000000003
26.10.2010 00:00:00,3.963194444444445
27.10.2010 00:00:00,5.072430555555555
28.10.2010 00:00:00,8.642430555555556
29.10.2010 00:00:00,7.633819444444445
30.10.2010 00:00:00,9.165208333333332
31.10.2010 00:00:00,8.575416666666666
01.11.2010 00:00:00,7.3774999999999995
02.11.2010 00:00:00,6.487986111111111
03.11.2010 00:00:00,10.40486111111111
04.11.2010 00:00:00,14.462708333333333
05.11.2010 00:00:00,13.147013888888889
06.11.2010 00:00:00,9.660555555555556
07.11.2010 00:00:00,4.067152777777777
08.11.2010 00:00:00,2.0440277777777776
09.11.2010 00:00:00,3.7608333333333337
10.11.2010 00:00:00,5.032291666666667
11.11.2010 00:00:00,4.554791666666667
12.11.2010 00:00:00,9.289791666666666
13.11.2010 00:00:00,13.690138888888889
14.11.2010 00:00:00,13.728124999999999
15.11.2010 00:00:00,8.78125
16.11.2010 00:00:00,3.1814583333333335
17.11.2010 00:00:00,2.117916666666667
18.11.2010 00:00:00,3.3061805555555552
19.11.2010 00:00:00,4.353125
20.11.2010 00:00:00,3.5436805555555555
21.11.2010 00:00:00,0.13993055555555556
22.11.2010 00:00:00,0.9029861111111112
23.11.2010 00:00:00,1.364375
24.11.2010 00:00:00,0.3923611111111111
25.11.2010 00:00:00,-0.5321527777777777
26.11.2010 00:00:00,-1.7011805555555555
27.11.2010 00:00:00,-5.611875
28.11.2010 00:00:00,-5.342083333333333
29.11.2010 00:00:00,-3.836597222222222
30.11.2010 00:00:00,-5.388819444444445
01.12.2010 00:00:00,-11.012777777777778
02.12.2010 00:00:00,-11.383541666666666
03.12.2010 00:00:00,-11.812083333333334
04.12.2010 00:00:00,-9.804444444444444
05.12.2010 00:00:00,-2.2730555555555556
06.12.2010 00:00:00,-1.4000694444444446
07.12.2010 00:00:00,-3.9334027777777774
08.12.2010 00:00:00,-3.3875694444444444
09.12.2010 00:00:00,-2.078333333333333
10.12.2010 00:00:00,-1.7865972222222222
11.12.2010 00:00:00,2.526736111111111
12.12.2010 00:00:00,-0.1346527777777778
13.12.2010 00:00:00,-6.142361111111111
14.12.2010 00:00:00,-5.513333333333333
15.12.2010 00:00:00,-6.473611111111111
16.12.2010 00:00:00,-6.090416666666666
17.12.2010 00:00:00,-4.931875000000001
18.12.2010 00:00:00,-9.020972222222222
19.12.2010 00:00:00,-4.580208333333333
20.12.2010 00:00:00,-1.8163888888888888
21.12.2010 00:00:00,-4.130138888888889
22.12.2010 00:00:00,-0.7279166666666667
23.12.2010 00:00:00,-0.8288888888888889
24.12.2010 00:00:00,-2.8206944444444444
25.12.2010 00:00:00,-7.287430555555556
26.12.2010 00:00:00,-9.840763888888889
27.12.2010 00:00:00,-4.520347222222222
28.12.2010 00:00:00,-5.791944444444444
29.12.2010 00:00:00,-13.163541666666667
30.12.2010 00:00:00,-10.362291666666668
31.12.2010 00:00:00,-4.2086805555555555
01.01.2011 00:00:00,-0.31659722222222225
02.01.2011 00:00:00,-0.35368055555555555
03.01.2011 00:00:00,-1.5672222222222223
04.01.2011 00:00:00,-5.887361111111111
05.01.2011 00:00:00,-7.415902777777778
06.01.2011 00:00:00,1.6169444444444445
07.01.2011 00:00:00,5.595069444444444
08.01.2011 00:00:00,7.668888888888889
09.01.2011 00:00:00,5.484930555555556
10.01.2011 00:00:00,-2.4699305555555555
11.01.2011 00:00:00,-0.5151388888888889
12.01.2011 00:00:00,3.6081250000000002
13.01.2011 00:00:00,5.908888888888889
14.01.2011 00:00:00,9.841805555555556
15.01.2011 00:00:00,7.741388888888888
16.01.2011 00:00:00,5.752638888888889
17.01.2011 00:00:00,1.6062500000000002
18.01.2011 00:00:00,5.726666666666667
19.01.2011 00:00:00,1.3145833333333334
20.01.2011 00:00:00,-0.6408333333333334
21.01.2011 00:00:00,-2.154236111111111
22.01.2011 00:00:00,-2.3354166666666667
23.01.2011 00:00:00,-1.2705555555555557
24.01.2011 00:00:00,0.5026388888888889
25.01.2011 00:00:00,0.9252083333333333
26.01.2011 00:00:00,0.15284722222222222
27.01.2011 00:00:00,-2.7667361111111113
28.01.2011 00:00:00,-3.004166666666667
29.01.2011 00:00:00,-5.756319444444444
30.01.2011 00:00:00,-6.2967361111111115
31.01.2011 00:00:00,-6.309444444444444
01.02.2011 00:00:00,-5.702222222222222
02.02.2011 00:00:00,-3.3878472222222222
03.02.2011 00:00:00,-0.2888888888888889
04.02.2011 00:00:00,3.399722222222222
05.02.2011 00:00:00,8.198194444444445
06.02.2011 00:00:00,8.332569444444445
07.02.2011 00:00:00,4.787152777777778
08.02.2011 00:00:00,5.701736111111111
09.02.2011 00:00:00,0.05770833333333335
10.02.2011 00:00:00,1.019375
11.02.2011 00:00:00,7.4472916666666675
12.02.2011 00:00:00,-0.4311111111111111
13.02.2011 00:00:00,1.53125
14.02.2011 00:00:00,1.871388888888889
15.02.2011 00:00:00,1.2765972222222224
16.02.2011 00:00:00,2.547152777777778
17.02.2011 00:00:00,-2.004305555555556
18.02.2011 00:00:00,-2.941388888888889
19.02.2011 00:00:00,-3.254722222222222
20.02.2011 00:00:00,-6.170347222222222
21.02.2011 00:00:00,-8.896666666666667
22.02.2011 00:00:00,-9.646180555555555
23.02.2011 00:00:00,-9.078194444444444
24.02.2011 00:00:00,-3.090972222222222
25.02.2011 00:00:00,-0.09625000000000002
26.02.2011 00:00:00,0.24555555555555555
27.02.2011 00:00:00,1.0187499999999998
28.02.2011 00:00:00,1.3938194444444445
01.03.2011 00:00:00,-0.044305555555555556
02.03.2011 00:00:00,-0.3335416666666667
03.03.2011 00:00:00,-1.0559027777777779
04.03.2011 00:00:00,-0.15166666666666667
05.03.2011 00:00:00,-0.31055555555555553
06.03.2011 00:00:00,0.05979166666666666
07.03.2011 00:00:00,-0.9493750000000001
08.03.2011 00:00:00,2.395555555555555
09.03.2011 00:00:00,5.612638888888889
10.03.2011 00:00:00,6.470069444444444
11.03.2011 00:00:00,7.056319444444444
12.03.2011 00:00:00,5.9279166666666665
13.03.2011 00:00:00,8.437222222222223
14.03.2011 00:00:00,9.238750000000001
15.03.2011 00:00:00,8.943194444444444
16.03.2011 00:00:00,4.429375
17.03.2011 00:00:00,4.605972222222222
18.03.2011 00:00:00,3.4071527777777777
19.03.2011 00:00:00,2.9155555555555552
20.03.2011 00:00:00,1.8031249999999999
21.03.2011 00:00:00,3.954652777777778
22.03.2011 00:00:00,5.883611111111112
23.03.2011 00:00:00,6.723333333333333
24.03.2011 00:00:00,7.252152777777777
25.03.2011 00:00:00,7.646319444444444
26.03.2011 00:00:00,4.2785416666666665
27.03.2011 00:00:00,3.652083333333333
28.03.2011 00:00:00,4.923958333333333
29.03.2011 00:00:00,6.520763888888889
30.03.2011 00:00:00,8.897638888888888
31.03.2011 00:00:00,10.496527777777779
01.04.2011 00:00:00,13.580208333333333
02.04.2011 00:00:00,14.559236111111112
03.04.2011 00:00:00,15.378819444444446
04.04.2011 00:00:00,9.204930555555556
05.04.2011 00:00:00,8.961388888888889
06.04.2011 00:00:00,13.652083333333334
07.04.2011 00:00:00,14.456666666666669
08.04.2011 00:00:00,10.551805555555555
09.04.2011 00:00:00,8.992291666666667
10.04.2011 00:00:00,9.02111111111111
11.04.2011 00:00:00,12.01763888888889
12.04.2011 00:00:00,8.607083333333334
13.04.2011 00:00:00,6.410069444444444
14.04.2011 00:00:00,6.058888888888889
15.04.2011 00:00:00,6.4991666666666665
16.04.2011 00:00:00,8.965277777777779
17.04.2011 00:00:00,9.684097222222222
18.04.2011 00:00:00,10.0475
19.04.2011 00:00:00,12.129791666666668
20.04.2011 00:00:00,13.400555555555556
21.04.2011 00:00:00,14.675555555555556
22.04.2011 00:00:00,15.261527777777777
23.04.2011 00:00:00,15.639097222222224
24.04.2011 00:00:00,14.620624999999999
25.04.2011 00:00:00,11.030416666666667
26.04.2011 00:00:00,8.866458333333334
27.04.2011 00:00:00,10.540277777777778
28.04.2011 00:00:00,12.862916666666667
29.04.2011 00:00:00,14.009861111111112
30.04.2011 00:00:00,13.015069444444444
01.05.2011 00:00:00,9.337777777777779
02.05.2011 00:00:00,5.599236111111111
03.05.2011 00:00:00,4.860902777777778
04.05.2011 00:00:00,4.587361111111111
05.05.2011 00:00:00,7.980486111111111
06.05.2011 00:00:00,12.236805555555556
07.05.2011 00:00:00,15.401666666666667
08.05.2011 00:00:00,14.832500000000001
09.05.2011 00:00:00,16.493055555555557
10.05.2011 00:00:00,17.269791666666666
11.05.2011 00:00:00,16.250208333333333
12.05.2011 00:00:00,14.321805555555557
13.05.2011 00:00:00,12.919166666666666
14.05.2011 00:00:00,12.78111111111111
15.05.2011 00:00:00,10.23798611111111
16.05.2011 00:00:00,10.245347222222222
17.05.2011 00:00:00,14.131041666666667
18.05.2011 00:00:00,16.31173611111111
19.05.2011 00:00:00,16.57715277777778
20.05.2011 00:00:00,15.632916666666667
21.05.2011 00:00:00,16.458194444444445
22.05.2011 00:00:00,18.354236111111113
23.05.2011 00:00:00,15.622916666666665
24.05.2011 00:00:00,15.31625
25.05.2011 00:00:00,12.668611111111112
26.05.2011 00:00:00,16.875694444444445
27.05.2011 00:00:00,13.664722222222222
28.05.2011 00:00:00,12.792291666666666
29.05.2011 00:00:00,16.965694444444445
30.05.2011 00:00:00,21.16090277777778
31.05.2011 00:00:00,18.79125
01.06.2011 00:00:00,10.995277777777778
02.06.2011 00:00:00,14.970694444444446
03.06.2011 00:00:00,17.594305555555554
04.06.2011 00:00:00,20.907430555555557
05.06.2011 00:00:00,21.879930555555557
06.06.2011 00:00:00,18.79388888888889
07.06.2011 00:00:00,18.537916666666668
08.06.2011 00:00:00,15.791111111111112
09.06.2011 00:00:00,14.942152777777778
10.06.2011 00:00:00,14.250555555555556
11.06.2011 00:00:00,14.308263888888888
12.06.2011 00:00:00,15.421944444444446
13.06.2011 00:00:00,15.765555555555554
14.06.2011 00:00:00,16.359791666666666
15.06.2011 00:00:00,18.615555555555556
16.06.2011 00:00:00,18.9325
17.06.2011 00:00:00,16.55847222222222
18.06.2011 00:00:00,15.091111111111111
19.06.2011 00:00:00,13.304791666666667
20.06.2011 00:00:00,13.867569444444445
21.06.2011 00:00:00,16.66861111111111
22.06.2011 00:00:00,17.690069444444443
23.06.2011 00:00:00,16.022152777777777
24.06.2011 00:00:00,13.500833333333334
25.06.2011 00:00:00,12.901597222222222
26.06.2011 00:00:00,17.533402777777777
27.06.2011 00:00:00,20.12847222222222
28.06.2011 00:00:00,21.55604166666667
29.06.2011 00:00:00,20.963541666666668
30.06.2011 00:00:00,13.400138888888888
01.07.2011 00:00:00,11.117847222222222
02.07.2011 00:00:00,11.150416666666667
03.07.2011 00:00:00,10.865902777777778
04.07.2011 00:00:00,14.408055555555556
05.07.2011 00:00:00,15.601875
06.07.2011 00:00:00,19.150625
07.07.2011 00:00:00,20.31972222222222
08.07.2011 00:00:00,18.169583333333335
09.07.2011 00:00:00,20.871805555555554
10.07.2011 00:00:00,19.647430555555555
11.07.2011 00:00:00,18.853541666666665
12.07.2011 00:00:00,19.612777777777776
13.07.2011 00:00:00,19.860902777777778
14.07.2011 00:00:00,15.144583333333335
15.07.2011 00:00:00,15.078333333333335
16.07.2011 00:00:00,18.43722222222222
17.07.2011 00:00:00,16.604583333333334
18.07.2011 00:00:00,14.909027777777778
19.07.2011 00:00:00,17.25125
20.07.2011 00:00:00,18.10013888888889
21.07.2011 00:00:00,15.488750000000001
22.07.2011 00:00:00,13.605347222222223
23.07.2011 00:00:00,13.060277777777777
24.07.2011 00:00:00,13.120347222222222
25.07.2011 00:00:00,13.113750000000001
26.07.2011 00:00:00,16.258611111111108
27.07.2011 00:00:00,19.142291666666665
28.07.2011 00:00:00,18.09486111111111
29.07.2011 00:00:00,16.743194444444445
30.07.2011 00:00:00,12.958472222222222
31.07.2011 00:00:00,12.880069444444445
01.08.2011 00:00:00,14.963333333333331
02.08.2011 00:00:00,17.711458333333333
03.08.2011 00:00:00,20.539027777777775
04.08.2011 00:00:00,19.81138888888889
05.08.2011 00:00:00,19.329375
06.08.2011 00:00:00,21.686597222222222
07.08.2011 00:00:00,17.91645833333333
08.08.2011 00:00:00,14.275625
09.08.2011 00:00:00,13.2425
10.08.2011 00:00:00,13.542222222222222
11.08.2011 00:00:00,18.20784722222222
12.08.2011 00:00:00,17.15076388888889
13.08.2011 00:00:00,17.009375
14.08.2011 00:00:00,18.992083333333333
15.08.2011 00:00:00,16.767430555555556
16.08.2011 00:00:00,16.250138888888888
17.08.2011 00:00:00,19.27576388888889
18.08.2011 00:00:00,21.638055555555557
19.08.2011 00:00:00,17.768749999999997
20.08.2011 00:00:00,16.396944444444443
21.08.2011 00:00:00,18.64805555555556
22.08.2011 00:00:00,21.29048611111111
23.08.2011 00:00:00,21.544722222222223
24.08.2011 00:00:00,22.376041666666666
25.08.2011 00:00:00,19.74277777777778
26.08.2011 00:00:00,24.716597222222223
27.08.2011 00:00:00,14.637916666666667
28.08.2011 00:00:00,14.623611111111112
29.08.2011 00:00:00,14.680138888888889
30.08.2011 00:00:00,12.287152777777777
31.08.2011 00:00:00,11.813333333333333
01.09.2011 00:00:00,14.208888888888888
02.09.2011 00:00:00,16.315347222222222
03.09.2011 00:00:00,19.595416666666665
04.09.2011 00:00:00,20.939722222222223
05.09.2011 00:00:00,17.31277777777778
06.09.2011 00:00:00,15.917777777777777
07.09.2011 00:00:00,15.151458333333332
08.09.2011 00:00:00,12.379861111111111
09.09.2011 00:00:00,15.115763888888889
10.09.2011 00:00:00,20.053819444444443
11.09.2011 00:00:00,20.23611111111111
12.09.2011 00:00:00,16.747430555555557
13.09.2011 00:00:00,17.562847222222224
14.09.2011 00:00:00,14.206388888888888
15.09.2011 00:00:00,12.490416666666667
16.09.2011 00:00:00,12.222152777777778
17.09.2011 00:00:00,16.553125
18.09.2011 00:00:00,12.431041666666665
19.09.2011 00:00:00,11.552708333333333
20.09.2011 00:00:00,11.279722222222222
21.09.2011 00:00:00,12.033958333333334
22.09.2011 00:00:00,13.189583333333333
23.09.2011 00:00:00,11.480486111111112
24.09.2011 00:00:00,11.833472222222222
25.09.2011 00:00:00,13.569097222222222
26.09.2011 00:00:00,15.864444444444445
27.09.2011 00:00:00,15.35465277777778
28.09.2011 00:00:00,15.19784722222222
29.09.2011 00:00:00,14.441736111111112
30.09.2011 00:00:00,15.45840277777778
01.10.2011 00:00:00,15.799999999999999
02.10.2011 00:00:00,15.769513888888888
03.10.2011 00:00:00,16.05513888888889
04.10.2011 00:00:00,17.491944444444446
05.10.2011 00:00:00,15.810555555555554
06.10.2011 00:00:00,13.62
07.10.2011 00:00:00,8.244097222222223
08.10.2011 00:00:00,6.531875
09.10.2011 00:00:00,6.621388888888889
10.10.2011 00:00:00,11.88638888888889
11.10.2011 00:00:00,14.478124999999999
12.10.2011 00:00:00,8.334375000000001
13.10.2011 00:00:00,7.565833333333334
14.10.2011 00:00:00,3.2152083333333334
15.10.2011 00:00:00,3.029236111111111
16.10.2011 00:00:00,6.045416666666666
17.10.2011 00:00:00,6.770486111111111
18.10.2011 00:00:00,8.602361111111112
19.10.2011 00:00:00,6.385833333333333
20.10.2011 00:00:00,4.842847222222222
21.10.2011 00:00:00,2.2284027777777777
22.10.2011 00:00:00,2.1010416666666667
23.10.2011 00:00:00,3.8535416666666666
24.10.2011 00:00:00,7.726388888888888
25.10.2011 00:00:00,7.662916666666667
26.10.2011 00:00:00,9.103194444444444
27.10.2011 00:00:00,6.549027777777778
28.10.2011 00:00:00,10.561388888888889
29.10.2011 00:00:00,9.205277777777777
30.10.2011 00:00:00,10.453125
31.10.2011 00:00:00,9.960625
01.11.2011 00:00:00,7.1899999999999995
02.11.2011 00:00:00,7.319027777777778
03.11.2011 00:00:00,8.38875
04.11.2011 00:00:00,7.3180555555555555
05.11.2011 00:00:00,6.5436805555555555
06.11.2011 00:00:00,6.845277777777778
07.11.2011 00:00:00,4.8720138888888895
08.11.2011 00:00:00,4.317569444444445
09.11.2011 00:00:00,2.773888888888889
10.11.2011 00:00:00,3.286597222222222
11.11.2011 00:00:00,1.6101388888888888
12.11.2011 00:00:00,1.493263888888889
13.11.2011 00:00:00,0.9670833333333333
14.11.2011 00:00:00,-0.5631944444444444
15.11.2011 00:00:00,-3.0636805555555555
16.11.2011 00:00:00,-2.555138888888889
17.11.2011 00:00:00,-1.0599305555555556
18.11.2011 00:00:00,2.195972222222222
19.11.2011 00:00:00,4.344513888888889
20.11.2011 00:00:00,2.298611111111111
21.11.2011 00:00:00,5.145138888888889
22.11.2011 00:00:00,2.562986111111111
23.11.2011 00:00:00,2.332430555555556
24.11.2011 00:00:00,1.4963888888888888
25.11.2011 00:00:00,1.6822916666666667
26.11.2011 00:00:00,4.728402777777777
27.11.2011 00:00:00,6.075972222222222
28.11.2011 00:00:00,4.442083333333333
29.11.2011 00:00:00,0.06812499999999999
30.11.2011 00:00:00,5.709027777777778
01.12.2011 00:00:00,3.8588194444444444
02.12.2011 00:00:00,7.860763888888889
03.12.2011 00:00:00,3.4327083333333333
04.12.2011 00:00:00,6.688055555555556
05.12.2011 00:00:00,2.6274305555555557
06.12.2011 00:00:00,1.3670833333333334
07.12.2011 00:00:00,2.6732638888888887
08.12.2011 00:00:00,4.5917361111111115
09.12.2011 00:00:00,4.711388888888889
10.12.2011 00:00:00,1.743125
11.12.2011 00:00:00,-0.758888888888889
12.12.2011 00:00:00,4.160347222222223
13.12.2011 00:00:00,4.727013888888889
14.12.2011 00:00:00,5.5055555555555555
15.12.2011 00:00:00,3.7806944444444444
16.12.2011 00:00:00,4.026458333333333
17.12.2011 00:00:00,2.4366666666666665
18.12.2011 00:00:00,1.0427777777777778
19.12.2011 00:00:00,-0.16159722222222223
20.12.2011 00:00:00,-0.44875000000000004
21.12.2011 00:00:00,2.3627777777777776
22.12.2011 00:00:00,2.39
23.12.2011 00:00:00,6.272638888888888
24.12.2011 00:00:00,3.866527777777778
25.12.2011 00:00:00,3.3128472222222225
26.12.2011 00:00:00,7.108472222222222
27.12.2011 00:00:00,6.704513888888889
28.12.2011 00:00:00,4.783680555555556
29.12.2011 00:00:00,3.7888194444444445
30.12.2011 00:00:00,1.7923611111111113
31.12.2011 00:00:00,1.7109722222222221
01.01.2012 00:00:00,7.769097222222222
02.01.2012 00:00:00,8.635416666666666
03.01.2012 00:00:00,5.074861111111111
04.01.2012 00:00:00,5.009375
05.01.2012 00:00:00,3.2513194444444444
06.01.2012 00:00:00,2.484583333333333
07.01.2012 00:00:00,3.1602777777777775
08.01.2012 00:00:00,3.217777777777778
09.01.2012 00:00:00,3.4949305555555554
10.01.2012 00:00:00,4.632986111111111
11.01.2012 00:00:00,6.013333333333333
12.01.2012 00:00:00,6.083055555555556
13.01.2012 00:00:00,1.7231944444444443
14.01.2012 00:00:00,1.011111111111111
15.01.2012 00:00:00,-1.7202777777777778
16.01.2012 00:00:00,-1.7260416666666667
17.01.2012 00:00:00,-0.16493055555555555
18.01.2012 00:00:00,-0.5733333333333334
19.01.2012 00:00:00,3.102291666666667
20.01.2012 00:00:00,1.5256944444444445
21.01.2012 00:00:00,1.9290277777777776
22.01.2012 00:00:00,3.813680555555555
23.01.2012 00:00:00,3.2303472222222225
24.01.2012 00:00:00,1.2538194444444446
25.01.2012 00:00:00,0.61625
26.01.2012 00:00:00,-1.9215972222222222
27.01.2012 00:00:00,-1.6697916666666666
28.01.2012 00:00:00,-2.366527777777778
29.01.2012 00:00:00,-6.132361111111111
30.01.2012 00:00:00,-7.3379166666666675
31.01.2012 00:00:00,-9.651944444444446
01.02.2012 00:00:00,-11.999930555555556
02.02.2012 00:00:00,-14.56451388888889
03.02.2012 00:00:00,-14.447361111111112
04.02.2012 00:00:00,-12.769027777777778
05.02.2012 00:00:00,-14.583472222222222
06.02.2012 00:00:00,-16.457291666666666
07.02.2012 00:00:00,-15.359722222222224
08.02.2012 00:00:00,-10.162986111111111
09.02.2012 00:00:00,-9.541180555555556
10.02.2012 00:00:00,-11.752916666666668
11.02.2012 00:00:00,-13.539722222222222
12.02.2012 00:00:00,-11.666180555555556
13.02.2012 00:00:00,-3.6484027777777777
14.02.2012 00:00:00,-0.7095833333333333
15.02.2012 00:00:00,2.560833333333333
16.02.2012 00:00:00,1.5920138888888888
17.02.2012 00:00:00,4.615833333333333
18.02.2012 00:00:00,5.254861111111111
19.02.2012 00:00:00,3.9577777777777774
20.02.2012 00:00:00,0.5660416666666667
21.02.2012 00:00:00,0.6921527777777778
22.02.2012 00:00:00,5.812986111111112
23.02.2012 00:00:00,7.564236111111111
24.02.2012 00:00:00,9.704722222222223
25.02.2012 00:00:00,6.049722222222222
26.02.2012 00:00:00,4.014097222222222
27.02.2012 00:00:00,2.3999305555555552
28.02.2012 00:00:00,6.93125
29.02.2012 00:00:00,9.938680555555557
01.03.2012 00:00:00,10.3575
02.03.2012 00:00:00,7.309027777777778
03.03.2012 00:00:00,6.295277777777778
04.03.2012 00:00:00,7.268194444444443
05.03.2012 00:00:00,4.4575
06.03.2012 00:00:00,3.8543749999999997
07.03.2012 00:00:00,3.030486111111111
08.03.2012 00:00:00,4.425625
09.03.2012 00:00:00,3.8893750000000002
10.03.2012 00:00:00,7.279444444444445
11.03.2012 00:00:00,7.255972222222222
12.03.2012 00:00:00,8.00423611111111
13.03.2012 00:00:00,6.649722222222222
14.03.2012 00:00:00,5.609444444444445
15.03.2012 00:00:00,7.637499999999999
16.03.2012 00:00:00,10.99798611111111
17.03.2012 00:00:00,12.624236111111111
18.03.2012 00:00:00,10.032083333333334
19.03.2012 00:00:00,6.465486111111111
20.03.2012 00:00:00,6.046180555555555
21.03.2012 00:00:00,9.631250000000001
22.03.2012 00:00:00,8.910277777777777
23.03.2012 00:00:00,8.503333333333334
24.03.2012 00:00:00,9.5275
25.03.2012 00:00:00,10.76701388888889
26.03.2012 00:00:00,8.295555555555556
27.03.2012 00:00:00,9.658958333333334
28.03.2012 00:00:00,12.216041666666666
29.03.2012 00:00:00,8.823125
30.03.2012 00:00:00,7.655972222222222
31.03.2012 00:00:00,6.224097222222222
01.04.2012 00:00:00,4.461527777777778
02.04.2012 00:00:00,7.170694444444444
03.04.2012 00:00:00,9.767222222222223
04.04.2012 00:00:00,7.331041666666668
05.04.2012 00:00:00,3.9397222222222226
06.04.2012 00:00:00,2.916527777777778
07.04.2012 00:00:00,2.6953472222222223
08.04.2012 00:00:00,1.3770833333333334
09.04.2012 00:00:00,3.8322222222222226
10.04.2012 00:00:00,12.663680555555555
11.04.2012 00:00:00,9.27125
12.04.2012 00:00:00,7.820555555555556
13.04.2012 00:00:00,7.320486111111112
14.04.2012 00:00:00,6.615277777777778
15.04.2012 00:00:00,7.759722222222223
16.04.2012 00:00:00,5.886319444444444
17.04.2012 00:00:00,5.162569444444444
18.04.2012 00:00:00,7.057986111111111
19.04.2012 00:00:00,9.182430555555555
20.04.2012 00:00:00,9.760208333333333
21.04.2012 00:00:00,8.817430555555555
22.04.2012 00:00:00,8.89625
23.04.2012 00:00:00,7.979652777777777
24.04.2012 00:00:00,8.604166666666666
25.04.2012 00:00:00,11.399999999999999
26.04.2012 00:00:00,14.743333333333332
27.04.2012 00:00:00,17.35666666666667
28.04.2012 00:00:00,21.778888888888886
29.04.2012 00:00:00,21.855625
30.04.2012 00:00:00,18.060625
01.05.2012 00:00:00,16.91340277777778
02.05.2012 00:00:00,17.85451388888889
03.05.2012 00:00:00,14.995208333333332
04.05.2012 00:00:00,14.735000000000001
05.05.2012 00:00:00,11.317916666666667
06.05.2012 00:00:00,6.639930555555555
07.05.2012 00:00:00,9.908194444444444
08.05.2012 00:00:00,14.22111111111111
09.05.2012 00:00:00,15.96388888888889
10.05.2012 00:00:00,20.40798611111111
11.05.2012 00:00:00,22.63451388888889
12.05.2012 00:00:00,10.804097222222222
13.05.2012 00:00:00,7.274722222222222
14.05.2012 00:00:00,10.166944444444445
15.05.2012 00:00:00,10.359166666666667
16.05.2012 00:00:00,8.425694444444444
17.05.2012 00:00:00,8.964791666666667
18.05.2012 00:00:00,12.793333333333333
19.05.2012 00:00:00,18.137222222222224
20.05.2012 00:00:00,20.68201388888889
21.05.2012 00:00:00,20.866180555555555
22.05.2012 00:00:00,22.299236111111114
23.05.2012 00:00:00,22.973194444444445
24.05.2012 00:00:00,19.59402777777778
25.05.2012 00:00:00,16.450694444444444
26.05.2012 00:00:00,16.726319444444446
27.05.2012 00:00:00,17.744791666666668
28.05.2012 00:00:00,18.232569444444447
29.05.2012 00:00:00,17.552222222222223
30.05.2012 00:00:00,16.347291666666667
31.05.2012 00:00:00,15.304305555555556
01.06.2012 00:00:00,12.64076388888889
02.06.2012 00:00:00,12.16125
03.06.2012 00:00:00,9.245833333333334
04.06.2012 00:00:00,11.826527777777777
05.06.2012 00:00:00,9.900555555555556
06.06.2012 00:00:00,10.85527777777778
07.06.2012 00:00:00,16.95611111111111
08.06.2012 00:00:00,19.470208333333332
09.06.2012 00:00:00,17.127847222222222
10.06.2012 00:00:00,15.341875
11.06.2012 00:00:00,15.520416666666668
12.06.2012 00:00:00,15.06263888888889
13.06.2012 00:00:00,14.079444444444444
14.06.2012 00:00:00,11.849513888888888
15.06.2012 00:00:00,16.584999999999997
16.06.2012 00:00:00,19.050555555555558
17.06.2012 00:00:00,18.179375
18.06.2012 00:00:00,21.27659722222222
19.06.2012 00:00:00,19.693819444444443
20.06.2012 00:00:00,16.93173611111111
21.06.2012 00:00:00,15.041875000000001
22.06.2012 00:00:00,18.39138888888889
23.06.2012 00:00:00,16.990069444444444
24.06.2012 00:00:00,16.864513888888887
25.06.2012 00:00:00,14.564444444444446
26.06.2012 00:00:00,13.888680555555556
27.06.2012 00:00:00,16.246805555555554
28.06.2012 00:00:00,21.08736111111111
29.06.2012 00:00:00,24.965138888888887
30.06.2012 00:00:00,24.385694444444443
01.07.2012 00:00:00,19.020555555555557
02.07.2012 00:00:00,16.660833333333333
03.07.2012 00:00:00,18.204930555555556
04.07.2012 00:00:00,21.07784722222222
05.07.2012 00:00:00,19.60611111111111
06.07.2012 00:00:00,20.154652777777777
07.07.2012 00:00:00,19.50611111111111
08.07.2012 00:00:00,19.859722222222224
09.07.2012 00:00:00,18.834930555555555
10.07.2012 00:00:00,19.17013888888889
11.07.2012 00:00:00,17.463680555555555
12.07.2012 00:00:00,14.339374999999999
13.07.2012 00:00:00,14.20451388888889
14.07.2012 00:00:00,15.835347222222222
15.07.2012 00:00:00,15.97888888888889
16.07.2012 00:00:00,15.40138888888889
17.07.2012 00:00:00,15.761388888888888
18.07.2012 00:00:00,19.08458333333333
19.07.2012 00:00:00,18.72340277777778
20.07.2012 00:00:00,15.579166666666667
21.07.2012 00:00:00,13.81375
22.07.2012 00:00:00,14.443055555555556
23.07.2012 00:00:00,17.388472222222223
24.07.2012 00:00:00,21.399652777777778
25.07.2012 00:00:00,25.170486111111114
26.07.2012 00:00:00,25.243472222222223
27.07.2012 00:00:00,25.729791666666667
28.07.2012 00:00:00,21.652430555555554
29.07.2012 00:00:00,19.01534722222222
30.07.2012 00:00:00,16.633819444444445
31.07.2012 00:00:00,17.548263888888886
01.08.2012 00:00:00,21.10861111111111
02.08.2012 00:00:00,23.660694444444445
03.08.2012 00:00:00,20.976319444444446
04.08.2012 00:00:00,21.177152777777778
05.08.2012 00:00:00,19.324444444444442
06.08.2012 00:00:00,20.210138888888892
07.08.2012 00:00:00,17.96375
08.08.2012 00:00:00,18.14986111111111
09.08.2012 00:00:00,17.24527777777778
10.08.2012 00:00:00,16.17729166666667
11.08.2012 00:00:00,15.908750000000001
12.08.2012 00:00:00,15.891458333333333
13.08.2012 00:00:00,17.660625
14.08.2012 00:00:00,18.46673611111111
15.08.2012 00:00:00,19.760277777777777
16.08.2012 00:00:00,17.392222222222223
17.08.2012 00:00:00,18.387222222222224
18.08.2012 00:00:00,21.958680555555556
19.08.2012 00:00:00,26.16909722222222
20.08.2012 00:00:00,27.565069444444443
21.08.2012 00:00:00,25.385694444444443
22.08.2012 00:00:00,21.886527777777776
23.08.2012 00:00:00,18.611527777777777
24.08.2012 00:00:00,17.889236111111114
25.08.2012 00:00:00,21.023402777777775
26.08.2012 00:00:00,16.892986111111114
27.08.2012 00:00:00,16.689791666666665
28.08.2012 00:00:00,18.637430555555554
29.08.2012 00:00:00,21.540833333333335
30.08.2012 00:00:00,18.828472222222224
31.08.2012 00:00:00,15.68048611111111
01.09.2012 00:00:00,14.87013888888889
02.09.2012 00:00:00,14.869861111111113
03.09.2012 00:00:00,17.193541666666665
04.09.2012 00:00:00,16.876875
05.09.2012 00:00:00,14.096944444444444
06.09.2012 00:00:00,14.006111111111112
07.09.2012 00:00:00,14.755972222222223
08.09.2012 00:00:00,19.264444444444443
09.09.2012 00:00:00,20.428680555555555
10.09.2012 00:00:00,22.534097222222222
11.09.2012 00:00:00,19.14881944444444
12.09.2012 00:00:00,12.019513888888888
13.09.2012 00:00:00,11.650416666666667
14.09.2012 00:00:00,12.801875
15.09.2012 00:00:00,14.108194444444443
16.09.2012 00:00:00,14.354722222222222
17.09.2012 00:00:00,15.565763888888888
18.09.2012 00:00:00,16.521875
19.09.2012 00:00:00,11.62451388888889
20.09.2012 00:00:00,9.768472222222222
21.09.2012 00:00:00,10.863680555555554
22.09.2012 00:00:00,11.898888888888889
23.09.2012 00:00:00,9.504930555555555
24.09.2012 00:00:00,14.748333333333331
25.09.2012 00:00:00,15.183124999999999
26.09.2012 00:00:00,16.012569444444445
27.09.2012 00:00:00,12.888819444444444
28.09.2012 00:00:00,13.4025
29.09.2012 00:00:00,11.708472222222222
30.09.2012 00:00:00,10.257152777777778
01.10.2012 00:00:00,11.324722222222222
02.10.2012 00:00:00,13.063819444444444
03.10.2012 00:00:00,14.209652777777778
04.10.2012 00:00:00,13.178819444444445
05.10.2012 00:00:00,12.691527777777777
06.10.2012 00:00:00,14.88951388888889
07.10.2012 00:00:00,9.800555555555555
08.10.2012 00:00:00,8.58951388888889
09.10.2012 00:00:00,7.992777777777778
10.10.2012 00:00:00,6.230902777777778
11.10.2012 00:00:00,7.030486111111111
12.10.2012 00:00:00,7.4506250000000005
13.10.2012 00:00:00,9.414305555555556
14.10.2012 00:00:00,9.274722222222222
15.10.2012 00:00:00,8.303194444444445
16.10.2012 00:00:00,8.117638888888889
17.10.2012 00:00:00,10.60125
18.10.2012 00:00:00,13.069513888888888
19.10.2012 00:00:00,15.311805555555557
20.10.2012 00:00:00,14.439583333333335
21.10.2012 00:00:00,12.544930555555556
22.10.2012 00:00:00,8.782777777777778
23.10.2012 00:00:00,9.907847222222223
24.10.2012 00:00:00,7.638680555555556
25.10.2012 00:00:00,9.000972222222222
26.10.2012 00:00:00,3.7424999999999997
27.10.2012 00:00:00,0.155
28.10.2012 00:00:00,0.002291666666666655
29.10.2012 00:00:00,-0.8913888888888888
30.10.2012 00:00:00,2.9744444444444444
31.10.2012 00:00:00,4.555069444444444
01.11.2012 00:00:00,6.432361111111111
02.11.2012 00:00:00,8.017222222222223
03.11.2012 00:00:00,8.220972222222223
04.11.2012 00:00:00,8.079722222222223
05.11.2012 00:00:00,7.858680555555556
06.11.2012 00:00:00,4.683055555555556
07.11.2012 00:00:00,8.263125
08.11.2012 00:00:00,7.633472222222222
09.11.2012 00:00:00,7.548263888888889
10.11.2012 00:00:00,6.789652777777778
11.11.2012 00:00:00,8.934652777777778
12.11.2012 00:00:00,6.708333333333333
13.11.2012 00:00:00,2.308125
14.11.2012 00:00:00,0.3611111111111111
15.11.2012 00:00:00,-1.0588194444444445
16.11.2012 00:00:00,1.0781944444444445
17.11.2012 00:00:00,1.0600694444444445
18.11.2012 00:00:00,4.789375
19.11.2012 00:00:00,5.999444444444444
20.11.2012 00:00:00,4.131875
21.11.2012 00:00:00,5.423958333333333
22.11.2012 00:00:00,5.790277777777778
23.11.2012 00:00:00,3.5552083333333333
24.11.2012 00:00:00,7.579027777777778
25.11.2012 00:00:00,9.66173611111111
26.11.2012 00:00:00,6.693819444444444
27.11.2012 00:00:00,7.921458333333334
28.11.2012 00:00:00,5.300416666666667
29.11.2012 00:00:00,1.9125694444444445
30.11.2012 00:00:00,0.5102083333333334
01.12.2012 00:00:00,-2.1975
02.12.2012 00:00:00,-0.49583333333333335
03.12.2012 00:00:00,0.41875
04.12.2012 00:00:00,2.246111111111111
05.12.2012 00:00:00,-0.07444444444444445
06.12.2012 00:00:00,-1.9140972222222221
07.12.2012 00:00:00,-4.6161111111111115
08.12.2012 00:00:00,-7.811111111111111
09.12.2012 00:00:00,-3.7139583333333337
10.12.2012 00:00:00,1.0319444444444443
11.12.2012 00:00:00,-3.302222222222222
12.12.2012 00:00:00,-4.180625
13.12.2012 00:00:00,-3.9213888888888886
14.12.2012 00:00:00,0.3351388888888889
15.12.2012 00:00:00,4.425486111111111
16.12.2012 00:00:00,4.458263888888889
17.12.2012 00:00:00,3.635069444444445
18.12.2012 00:00:00,3.964583333333333
19.12.2012 00:00:00,2.7850694444444444
20.12.2012 00:00:00,1.203125
21.12.2012 00:00:00,-0.6195833333333334
22.12.2012 00:00:00,1.7586805555555556
23.12.2012 00:00:00,6.950833333333333
24.12.2012 00:00:00,8.5975
25.12.2012 00:00:00,10.240138888888888
26.12.2012 00:00:00,7.05625
27.12.2012 00:00:00,7.440347222222223
28.12.2012 00:00:00,1.7162499999999998
29.12.2012 00:00:00,6.4494444444444445
30.12.2012 00:00:00,6.796944444444445
31.12.2012 00:00:00,7.142083333333334
01.01.2013 00:00:00,6.185902777777778
02.01.2013 00:00:00,4.060277777777777
03.01.2013 00:00:00,6.468333333333333
04.01.2013 00:00:00,9.510972222222222
05.01.2013 00:00:00,7.437986111111111
06.01.2013 00:00:00,6.394930555555556
07.01.2013 00:00:00,5.317013888888889
08.01.2013 00:00:00,4.959027777777778
09.01.2013 00:00:00,5.482083333333333
10.01.2013 00:00:00,3.0262499999999997
11.01.2013 00:00:00,-1.6472916666666668
12.01.2013 00:00:00,-3.034861111111111
13.01.2013 00:00:00,-4.464444444444444
14.01.2013 00:00:00,-3.518125
15.01.2013 00:00:00,-5.280486111111111
16.01.2013 00:00:00,-4.075069444444444
17.01.2013 00:00:00,-3.4686805555555558
18.01.2013 00:00:00,-4.642847222222222
19.01.2013 00:00:00,-6.9373611111111115
20.01.2013 00:00:00,-6.435138888888889
21.01.2013 00:00:00,-6.50986111111111
22.01.2013 00:00:00,-7.440972222222222
23.01.2013 00:00:00,-7.090416666666666
24.01.2013 00:00:00,-6.1317361111111115
25.01.2013 00:00:00,-7.0311111111111115
26.01.2013 00:00:00,-5.115833333333333
27.01.2013 00:00:00,-0.31361111111111106
28.01.2013 00:00:00,2.7247222222222223
29.01.2013 00:00:00,6.0652083333333335
30.01.2013 00:00:00,10.1525
31.01.2013 00:00:00,6.473125
01.02.2013 00:00:00,4.848402777777777
02.02.2013 00:00:00,1.982222222222222
03.02.2013 00:00:00,1.160763888888889
04.02.2013 00:00:00,3.856875
05.02.2013 00:00:00,2.8380555555555556
06.02.2013 00:00:00,0.1711111111111111
07.02.2013 00:00:00,0.20131944444444447
08.02.2013 00:00:00,-1.464236111111111
09.02.2013 00:00:00,-3.003611111111111
10.02.2013 00:00:00,-3.029027777777778
11.02.2013 00:00:00,-4.511527777777777
12.02.2013 00:00:00,-2.529166666666667
13.02.2013 00:00:00,-2.5820833333333333
14.02.2013 00:00:00,-2.5156944444444442
15.02.2013 00:00:00,-0.47430555555555554
16.02.2013 00:00:00,1.2499305555555555
17.02.2013 00:00:00,0.8014583333333333
18.02.2013 00:00:00,0.2423611111111111
19.02.2013 00:00:00,0.08680555555555555
20.02.2013 00:00:00,-2.015902777777778
21.02.2013 00:00:00,-4.380277777777778
22.02.2013 00:00:00,-5.213472222222222
23.02.2013 00:00:00,-4.598611111111111
24.02.2013 00:00:00,-1.1370138888888888
25.02.2013 00:00:00,0.1471527777777778
26.02.2013 00:00:00,0.052152777777777784
27.02.2013 00:00:00,-0.5847916666666666
28.02.2013 00:00:00,0.28104166666666663
01.03.2013 00:00:00,0.820625
02.03.2013 00:00:00,0.7036805555555555
03.03.2013 00:00:00,0.9474305555555556
04.03.2013 00:00:00,2.8902083333333333
05.03.2013 00:00:00,4.732152777777777
06.03.2013 00:00:00,5.167083333333333
07.03.2013 00:00:00,4.085416666666666
08.03.2013 00:00:00,3.0034027777777776
09.03.2013 00:00:00,1.0115972222222223
10.03.2013 00:00:00,1.1818055555555556
11.03.2013 00:00:00,-5.2683333333333335
12.03.2013 00:00:00,-5.406944444444445
13.03.2013 00:00:00,-5.790555555555556
14.03.2013 00:00:00,-6.168402777777778
15.03.2013 00:00:00,-3.956111111111111
16.03.2013 00:00:00,-2.036111111111111
17.03.2013 00:00:00,2.175
18.03.2013 00:00:00,1.0978472222222222
19.03.2013 00:00:00,0.13159722222222223
20.03.2013 00:00:00,0.18791666666666665
21.03.2013 00:00:00,-0.285
22.03.2013 00:00:00,-2.7986805555555554
23.03.2013 00:00:00,-4.826527777777778
24.03.2013 00:00:00,-5.605833333333333
25.03.2013 00:00:00,-3.9620138888888885
26.03.2013 00:00:00,-2.861041666666667
27.03.2013 00:00:00,-2.3775694444444446
28.03.2013 00:00:00,-0.21333333333333335
29.03.2013 00:00:00,0.435
30.03.2013 00:00:00,-0.2222222222222222
31.03.2013 00:00:00,-1.485138888888889
01.04.2013 00:00:00,-0.5989583333333334
02.04.2013 00:00:00,-0.096875
03.04.2013 00:00:00,-0.6490277777777778
04.04.2013 00:00:00,-0.14840277777777777
05.04.2013 00:00:00,0.5095833333333333
06.04.2013 00:00:00,0.46243055555555557
07.04.2013 00:00:00,2.135
08.04.2013 00:00:00,2.747986111111111
09.04.2013 00:00:00,6.305416666666667
10.04.2013 00:00:00,6.412569444444444
11.04.2013 00:00:00,10.711041666666667
12.04.2013 00:00:00,10.480208333333334
13.04.2013 00:00:00,10.097708333333333
14.04.2013 00:00:00,11.748333333333333
15.04.2013 00:00:00,17.177847222222223
16.04.2013 00:00:00,15.726388888888888
17.04.2013 00:00:00,16.845555555555556
18.04.2013 00:00:00,18.15451388888889
19.04.2013 00:00:00,12.217569444444443
20.04.2013 00:00:00,7.898680555555556
21.04.2013 00:00:00,10.870277777777778
22.04.2013 00:00:00,10.917152777777778
23.04.2013 00:00:00,13.069236111111111
24.04.2013 00:00:00,15.550277777777776
25.04.2013 00:00:00,16.658611111111114
26.04.2013 00:00:00,16.009444444444444
27.04.2013 00:00:00,5.841875
28.04.2013 00:00:00,6.585625
29.04.2013 00:00:00,10.248333333333333
30.04.2013 00:00:00,8.291805555555555
01.05.2013 00:00:00,9.760972222222222
02.05.2013 00:00:00,10.379027777777777
03.05.2013 00:00:00,11.568263888888888
04.05.2013 00:00:00,10.939097222222223
05.05.2013 00:00:00,14.21263888888889
06.05.2013 00:00:00,15.012708333333332
07.05.2013 00:00:00,14.606180555555556
08.05.2013 00:00:00,17.21875
09.05.2013 00:00:00,15.892986111111112
10.05.2013 00:00:00,14.987708333333334
11.05.2013 00:00:00,12.270277777777778
12.05.2013 00:00:00,9.555069444444445
13.05.2013 00:00:00,9.032013888888889
14.05.2013 00:00:00,13.424791666666668
15.05.2013 00:00:00,17.258680555555557
16.05.2013 00:00:00,17.472657342657342
17.05.2013 00:00:00,17.486527777777777
18.05.2013 00:00:00,13.322013888888888
19.05.2013 00:00:00,13.726319444444444
20.05.2013 00:00:00,12.741180555555555
21.05.2013 00:00:00,12.39201388888889
22.05.2013 00:00:00,8.957569444444445
23.05.2013 00:00:00,8.794375
24.05.2013 00:00:00,6.901458333333334
25.05.2013 00:00:00,8.575694444444444
26.05.2013 00:00:00,7.678819444444445
27.05.2013 00:00:00,9.128333333333334
28.05.2013 00:00:00,13.493125
29.05.2013 00:00:00,11.639513888888889
30.05.2013 00:00:00,10.137430555555556
31.05.2013 00:00:00,13.223680555555555
01.06.2013 00:00:00,12.585625
02.06.2013 00:00:00,9.177430555555555
03.06.2013 00:00:00,10.899305555555555
04.06.2013 00:00:00,13.360833333333334
05.06.2013 00:00:00,14.916111111111112
06.06.2013 00:00:00,15.514999999999999
07.06.2013 00:00:00,17.918819444444445
08.06.2013 00:00:00,18.621666666666666
09.06.2013 00:00:00,15.450555555555557
10.06.2013 00:00:00,13.933541666666667
11.06.2013 00:00:00,15.573958333333334
12.06.2013 00:00:00,18.59027777777778
13.06.2013 00:00:00,20.720347222222223
14.06.2013 00:00:00,15.107916666666666
15.06.2013 00:00:00,16.636388888888888
16.06.2013 00:00:00,17.25263888888889
17.06.2013 00:00:00,19.746805555555554
18.06.2013 00:00:00,23.799722222222222
19.06.2013 00:00:00,27.295277777777777
20.06.2013 00:00:00,23.842430555555556
21.06.2013 00:00:00,19.355972222222224
22.06.2013 00:00:00,18.83701388888889
23.06.2013 00:00:00,17.891458333333333
24.06.2013 00:00:00,15.444722222222222
25.06.2013 00:00:00,12.247916666666667
26.06.2013 00:00:00,11.395972222222222
27.06.2013 00:00:00,12.425277777777778
28.06.2013 00:00:00,13.621875
29.06.2013 00:00:00,13.645833333333334
30.06.2013 00:00:00,13.315347222222222
01.07.2013 00:00:00,19.090416666666666
02.07.2013 00:00:00,19.616458333333334
03.07.2013 00:00:00,18.79958333333333
04.07.2013 00:00:00,19.432291666666668
05.07.2013 00:00:00,19.48326388888889
06.07.2013 00:00:00,19.357986111111114
07.07.2013 00:00:00,19.05708333333333
08.07.2013 00:00:00,19.470069444444444
09.07.2013 00:00:00,20.442430555555557
10.07.2013 00:00:00,18.982430555555553
11.07.2013 00:00:00,15.992916666666666
12.07.2013 00:00:00,17.558055555555555
13.07.2013 00:00:00,17.480833333333333
14.07.2013 00:00:00,18.011875
15.07.2013 00:00:00,17.81972222222222
16.07.2013 00:00:00,19.533333333333335
17.07.2013 00:00:00,20.259444444444444
18.07.2013 00:00:00,21.28965277777778
19.07.2013 00:00:00,21.397638888888892
20.07.2013 00:00:00,19.189791666666665
21.07.2013 00:00:00,21.52402777777778
22.07.2013 00:00:00,23.15527777777778
23.07.2013 00:00:00,23.71131944444444
24.07.2013 00:00:00,21.52201388888889
25.07.2013 00:00:00,21.612569444444446
26.07.2013 00:00:00,24.504930555555557
27.07.2013 00:00:00,26.316041666666663
28.07.2013 00:00:00,25.8075
29.07.2013 00:00:00,19.647291666666668
30.07.2013 00:00:00,19.886180555555555
31.07.2013 00:00:00,20.330555555555556
01.08.2013 00:00:00,22.484861111111112
02.08.2013 00:00:00,26.240902777777777
03.08.2013 00:00:00,25.082916666666666
04.08.2013 00:00:00,21.13111111111111
05.08.2013 00:00:00,22.77284722222222
06.08.2013 00:00:00,22.145625
07.08.2013 00:00:00,20.395069444444445
08.08.2013 00:00:00,20.658680555555556
09.08.2013 00:00:00,16.905694444444446
10.08.2013 00:00:00,18.571319444444445
11.08.2013 00:00:00,16.521458333333335
12.08.2013 00:00:00,16.49284722222222
13.08.2013 00:00:00,14.362013888888889
14.08.2013 00:00:00,14.745486111111111
15.08.2013 00:00:00,15.791319444444444
16.08.2013 00:00:00,19.000069444444446
17.08.2013 00:00:00,20.76291666666667
18.08.2013 00:00:00,19.28152777777778
19.08.2013 00:00:00,18.165208333333332
20.08.2013 00:00:00,16.06993055555556
21.08.2013 00:00:00,16.602291666666666
22.08.2013 00:00:00,17.538819444444446
23.08.2013 00:00:00,16.05125
24.08.2013 00:00:00,18.947291666666665
25.08.2013 00:00:00,16.660694444444445
26.08.2013 00:00:00,16.515069444444446
27.08.2013 00:00:00,16.230486111111112
28.08.2013 00:00:00,16.28736111111111
29.08.2013 00:00:00,17.123125
30.08.2013 00:00:00,17.988541666666666
31.08.2013 00:00:00,17.80784722222222
01.09.2013 00:00:00,14.133055555555556
02.09.2013 00:00:00,15.357847222222224
03.09.2013 00:00:00,18.733888888888888
04.09.2013 00:00:00,19.542083333333334
05.09.2013 00:00:00,20.410486111111112
06.09.2013 00:00:00,21.508125
07.09.2013 00:00:00,22.217430555555556
08.09.2013 00:00:00,18.153819444444444
09.09.2013 00:00:00,12.927013888888888
10.09.2013 00:00:00,12.655
11.09.2013 00:00:00,11.415
12.09.2013 00:00:00,11.486666666666666
13.09.2013 00:00:00,13.398055555555555
14.09.2013 00:00:00,13.676180555555554
15.09.2013 00:00:00,14.072152777777779
16.09.2013 00:00:00,12.614652777777778
17.09.2013 00:00:00,9.674513888888889
18.09.2013 00:00:00,10.43201388888889
19.09.2013 00:00:00,11.04263888888889
20.09.2013 00:00:00,12.311666666666667
21.09.2013 00:00:00,12.756388888888889
22.09.2013 00:00:00,12.99451388888889
23.09.2013 00:00:00,15.472986111111112
24.09.2013 00:00:00,15.267986111111112
25.09.2013 00:00:00,14.503819444444446
26.09.2013 00:00:00,12.592569444444443
27.09.2013 00:00:00,7.924027777777777
28.09.2013 00:00:00,8.099166666666667
29.09.2013 00:00:00,10.038541666666667
30.09.2013 00:00:00,9.043888888888889
01.10.2013 00:00:00,7.559652777777777
02.10.2013 00:00:00,7.192986111111111
03.10.2013 00:00:00,7.711180555555556
04.10.2013 00:00:00,9.584097222222221
05.10.2013 00:00:00,11.497430555555557
06.10.2013 00:00:00,11.688958333333334
07.10.2013 00:00:00,13.574375
08.10.2013 00:00:00,13.238888888888889
09.10.2013 00:00:00,13.508472222222222
10.10.2013 00:00:00,8.464097222222222
11.10.2013 00:00:00,6.748125
12.10.2013 00:00:00,5.281736111111112
13.10.2013 00:00:00,6.783541666666667
14.10.2013 00:00:00,7.784513888888889
15.10.2013 00:00:00,10.18986111111111
16.10.2013 00:00:00,8.92013888888889
17.10.2013 00:00:00,10.674652777777778
18.10.2013 00:00:00,10.342916666666667
19.10.2013 00:00:00,9.930972222222222
20.10.2013 00:00:00,15.189305555555556
21.10.2013 00:00:00,15.375416666666666
22.10.2013 00:00:00,15.679930555555554
23.10.2013 00:00:00,16.309652777777778
24.10.2013 00:00:00,13.98388888888889
25.10.2013 00:00:00,11.583125
26.10.2013 00:00:00,17.62965277777778
27.10.2013 00:00:00,15.162430555555554
28.10.2013 00:00:00,15.916805555555555
29.10.2013 00:00:00,11.87090277777778
30.10.2013 00:00:00,8.205694444444443
31.10.2013 00:00:00,4.53701388888889
01.11.2013 00:00:00,6.3876388888888895
02.11.2013 00:00:00,11.779444444444444
03.11.2013 00:00:00,9.55111111111111
04.11.2013 00:00:00,8.974861111111112
05.11.2013 00:00:00,6.406180555555555
06.11.2013 00:00:00,7.580069444444444
07.11.2013 00:00:00,13.542569444444444
08.11.2013 00:00:00,10.791944444444445
09.11.2013 00:00:00,9.18888888888889
10.11.2013 00:00:00,5.783333333333333
11.11.2013 00:00:00,5.008125
12.11.2013 00:00:00,2.4278472222222223
13.11.2013 00:00:00,5.093263888888888
14.11.2013 00:00:00,0.8242361111111111
15.11.2013 00:00:00,1.6613194444444443
16.11.2013 00:00:00,2.761458333333333
17.11.2013 00:00:00,0.4272916666666667
18.11.2013 00:00:00,4.391527777777778
19.11.2013 00:00:00,5.235972222222222
20.11.2013 00:00:00,2.5654861111111114
21.11.2013 00:00:00,1.8001388888888887
22.11.2013 00:00:00,2.4659722222222222
23.11.2013 00:00:00,4.134930555555555
24.11.2013 00:00:00,2.720416666666667
25.11.2013 00:00:00,-0.19520833333333332
26.11.2013 00:00:00,-0.8343055555555555
27.11.2013 00:00:00,-1.9458333333333333
28.11.2013 00:00:00,3.260902777777778
29.11.2013 00:00:00,4.219722222222222
30.11.2013 00:00:00,3.836527777777778
01.12.2013 00:00:00,4.669305555555556
02.12.2013 00:00:00,4.109861111111112
03.12.2013 00:00:00,-0.8923611111111112
04.12.2013 00:00:00,-0.33125000000000004
05.12.2013 00:00:00,2.6133333333333333
06.12.2013 00:00:00,1.1906944444444445
07.12.2013 00:00:00,1.4904861111111112
08.12.2013 00:00:00,5.270138888888889
09.12.2013 00:00:00,7.864722222222222
10.12.2013 00:00:00,7.372291666666666
11.12.2013 00:00:00,3.5384722222222225
12.12.2013 00:00:00,0.8324305555555556
13.12.2013 00:00:00,0.005972222222222238
14.12.2013 00:00:00,0.13555555555555554
15.12.2013 00:00:00,3.0999305555555554
16.12.2013 00:00:00,5.5438888888888895
17.12.2013 00:00:00,4.575833333333333
18.12.2013 00:00:00,2.2675694444444447
19.12.2013 00:00:00,5.2501388888888885
20.12.2013 00:00:00,4.667291666666667
21.12.2013 00:00:00,3.278402777777778
22.12.2013 00:00:00,9.184305555555556
23.12.2013 00:00:00,7.179236111111111
24.12.2013 00:00:00,9.690486111111111
25.12.2013 00:00:00,7.506458333333334
26.12.2013 00:00:00,5.292916666666667
27.12.2013 00:00:00,5.844166666666666
28.12.2013 00:00:00,8.231875
29.12.2013 00:00:00,5.18375
30.12.2013 00:00:00,1.1174305555555555
31.12.2013 00:00:00,2.133472222222222
01.01.2014 00:00:00,2.0949305555555555
02.01.2014 00:00:00,4.979722222222223
03.01.2014 00:00:00,6.359861111111111
04.01.2014 00:00:00,7.033125
05.01.2014 00:00:00,5.798402777777778
06.01.2014 00:00:00,5.6286805555555555
07.01.2014 00:00:00,9.7525
08.01.2014 00:00:00,9.757291666666667
09.01.2014 00:00:00,8.614236111111111
10.01.2014 00:00:00,5.460277777777778
11.01.2014 00:00:00,3.3402777777777777
12.01.2014 00:00:00,2.4825694444444446
13.01.2014 00:00:00,0.8015972222222222
14.01.2014 00:00:00,2.432986111111111
15.01.2014 00:00:00,2.742013888888889
16.01.2014 00:00:00,4.127430555555556
17.01.2014 00:00:00,5.880347222222222
18.01.2014 00:00:00,3.501666666666667
19.01.2014 00:00:00,1.7991666666666666
20.01.2014 00:00:00,-0.7147222222222223
21.01.2014 00:00:00,-1.2588194444444445
22.01.2014 00:00:00,-1.5715277777777779
23.01.2014 00:00:00,-2.831736111111111
24.01.2014 00:00:00,-3.149652777777778
25.01.2014 00:00:00,-7.645555555555556
26.01.2014 00:00:00,-7.563750000000001
27.01.2014 00:00:00,1.160277777777778
28.01.2014 00:00:00,-0.008680555555555547
29.01.2014 00:00:00,-3.555833333333333
30.01.2014 00:00:00,-1.0415972222222223
31.01.2014 00:00:00,-0.953888888888889
01.02.2014 00:00:00,3.6686805555555555
02.02.2014 00:00:00,2.5652777777777778
03.02.2014 00:00:00,0.5678472222222222
04.02.2014 00:00:00,1.7369444444444444
05.02.2014 00:00:00,1.3602083333333335
06.02.2014 00:00:00,5.613402777777778
07.02.2014 00:00:00,8.842916666666667
08.02.2014 00:00:00,5.901875
09.02.2014 00:00:00,5.454444444444444
10.02.2014 00:00:00,3.815
11.02.2014 00:00:00,4.809027777777778
12.02.2014 00:00:00,3.489027777777778
13.02.2014 00:00:00,5.419652777777777
14.02.2014 00:00:00,5.112500000000001
15.02.2014 00:00:00,8.831041666666668
16.02.2014 00:00:00,6.254583333333333
17.02.2014 00:00:00,4.399236111111112
18.02.2014 00:00:00,3.0028472222222224
19.02.2014 00:00:00,6.373958333333333
20.02.2014 00:00:00,5.945694444444444
21.02.2014 00:00:00,6.204722222222222
22.02.2014 00:00:00,4.392986111111111
23.02.2014 00:00:00,4.634722222222222
24.02.2014 00:00:00,5.723888888888889
25.02.2014 00:00:00,6.696944444444444
26.02.2014 00:00:00,7.354930555555555
27.02.2014 00:00:00,6.898958333333334
28.02.2014 00:00:00,4.649236111111112
01.03.2014 00:00:00,4.785972222222222
02.03.2014 00:00:00,4.046458333333334
03.03.2014 00:00:00,4.2931944444444445
04.03.2014 00:00:00,5.268888888888889
05.03.2014 00:00:00,3.5837499999999998
06.03.2014 00:00:00,5.130833333333333
07.03.2014 00:00:00,4.11125
08.03.2014 00:00:00,5.612500000000001
09.03.2014 00:00:00,7.340277777777778
10.03.2014 00:00:00,8.049861111111111
11.03.2014 00:00:00,6.143958333333334
12.03.2014 00:00:00,5.629791666666667
13.03.2014 00:00:00,7.8381944444444445
14.03.2014 00:00:00,7.7875000000000005
15.03.2014 00:00:00,8.093680555555556
16.03.2014 00:00:00,9.629513888888889
17.03.2014 00:00:00,10.110972222222223
18.03.2014 00:00:00,9.953958333333334
19.03.2014 00:00:00,10.118333333333332
20.03.2014 00:00:00,13.695833333333333
21.03.2014 00:00:00,15.168819444444445
22.03.2014 00:00:00,9.059861111111111
23.03.2014 00:00:00,6.136736111111111
24.03.2014 00:00:00,4.4220138888888885
25.03.2014 00:00:00,2.9585416666666666
26.03.2014 00:00:00,4.0825
27.03.2014 00:00:00,8.044444444444444
28.03.2014 00:00:00,5.554444444444445
29.03.2014 00:00:00,9.128194444444444
30.03.2014 00:00:00,10.332291666666666
31.03.2014 00:00:00,10.508125
01.04.2014 00:00:00,11.465625
02.04.2014 00:00:00,13.983055555555556
03.04.2014 00:00:00,14.484097222222223
04.04.2014 00:00:00,12.796041666666667
05.04.2014 00:00:00,11.318680555555556
06.04.2014 00:00:00,13.262777777777778
07.04.2014 00:00:00,14.995347222222222
08.04.2014 00:00:00,12.89236111111111
09.04.2014 00:00:00,8.272569444444445
10.04.2014 00:00:00,9.091805555555556
11.04.2014 00:00:00,10.208333333333334
12.04.2014 00:00:00,11.528055555555556
13.04.2014 00:00:00,11.802847222222221
14.04.2014 00:00:00,7.1933333333333325
15.04.2014 00:00:00,4.9625
16.04.2014 00:00:00,6.043958333333333
17.04.2014 00:00:00,7.0782638888888885
18.04.2014 00:00:00,5.851944444444444
19.04.2014 00:00:00,7.388819444444445
20.04.2014 00:00:00,13.472708333333333
21.04.2014 00:00:00,10.942152777777778
22.04.2014 00:00:00,13.514166666666666
23.04.2014 00:00:00,13.894513888888888
24.04.2014 00:00:00,13.074722222222222
25.04.2014 00:00:00,15.11111111111111
26.04.2014 00:00:00,15.226736111111112
27.04.2014 00:00:00,12.846875
28.04.2014 00:00:00,13.067152777777778
29.04.2014 00:00:00,13.737708333333334
30.04.2014 00:00:00,14.163680555555555
01.05.2014 00:00:00,12.317083333333334
02.05.2014 00:00:00,7.056597222222222
03.05.2014 00:00:00,6.762291666666666
04.05.2014 00:00:00,6.554930555555555
05.05.2014 00:00:00,9.39486111111111
06.05.2014 00:00:00,13.991875
07.05.2014 00:00:00,14.571666666666667
08.05.2014 00:00:00,12.981805555555557
09.05.2014 00:00:00,14.184791666666666
10.05.2014 00:00:00,11.437777777777777
11.05.2014 00:00:00,10.858194444444443
12.05.2014 00:00:00,11.030694444444444
13.05.2014 00:00:00,9.717430555555556
14.05.2014 00:00:00,8.599791666666667
15.05.2014 00:00:00,9.227986111111111
16.05.2014 00:00:00,11.943680555555556
17.05.2014 00:00:00,12.725347222222222
18.05.2014 00:00:00,10.90986111111111
19.05.2014 00:00:00,15.599722222222223
20.05.2014 00:00:00,19.063125
21.05.2014 00:00:00,21.059930555555557
22.05.2014 00:00:00,22.68277777777778
23.05.2014 00:00:00,16.95590277777778
24.05.2014 00:00:00,15.184166666666666
25.05.2014 00:00:00,15.804861111111112
26.05.2014 00:00:00,18.469652777777778
27.05.2014 00:00:00,15.84076388888889
28.05.2014 00:00:00,11.102222222222222
29.05.2014 00:00:00,8.33875
30.05.2014 00:00:00,11.57875
31.05.2014 00:00:00,13.663958333333333
01.06.2014 00:00:00,13.207847222222222
02.06.2014 00:00:00,14.15611111111111
03.06.2014 00:00:00,15.356111111111112
04.06.2014 00:00:00,16.68277777777778
05.06.2014 00:00:00,15.139791666666667
06.06.2014 00:00:00,17.668263888888887
07.06.2014 00:00:00,21.892152777777778
08.06.2014 00:00:00,25.573888888888888
09.06.2014 00:00:00,24.529722222222222
10.06.2014 00:00:00,24.811180555555556
11.06.2014 00:00:00,21.355555555555554
12.06.2014 00:00:00,18.75347222222222
13.06.2014 00:00:00,16.556527777777777
14.06.2014 00:00:00,13.842152777777777
15.06.2014 00:00:00,14.485624999999999
16.06.2014 00:00:00,14.219930555555557
17.06.2014 00:00:00,15.392916666666666
18.06.2014 00:00:00,16.943125
19.06.2014 00:00:00,14.070902777777778
20.06.2014 00:00:00,13.61625
21.06.2014 00:00:00,14.129930555555555
22.06.2014 00:00:00,15.265694444444446
23.06.2014 00:00:00,14.799513888888889
24.06.2014 00:00:00,15.026111111111113
25.06.2014 00:00:00,12.145833333333334
26.06.2014 00:00:00,13.570208333333333
27.06.2014 00:00:00,17.02173611111111
28.06.2014 00:00:00,17.999583333333334
29.06.2014 00:00:00,15.797708333333333
30.06.2014 00:00:00,14.684444444444445
01.07.2014 00:00:00,15.259444444444446
02.07.2014 00:00:00,16.059097222222224
03.07.2014 00:00:00,19.200555555555557
04.07.2014 00:00:00,23.470069444444444
05.07.2014 00:00:00,22.637569444444445
06.07.2014 00:00:00,24.307361111111113
07.07.2014 00:00:00,21.313333333333333
08.07.2014 00:00:00,17.863680555555554
09.07.2014 00:00:00,14.546041666666667
10.07.2014 00:00:00,15.965902777777778
11.07.2014 00:00:00,17.479583333333334
12.07.2014 00:00:00,16.84951388888889
13.07.2014 00:00:00,15.80875
14.07.2014 00:00:00,20.401666666666667
15.07.2014 00:00:00,21.043958333333332
16.07.2014 00:00:00,20.928541666666668
17.07.2014 00:00:00,22.575763888888886
18.07.2014 00:00:00,23.163888888888888
19.07.2014 00:00:00,25.626527777777778
20.07.2014 00:00:00,26.012291666666666
21.07.2014 00:00:00,21.226388888888888
22.07.2014 00:00:00,22.79409722222222
23.07.2014 00:00:00,22.563402777777778
24.07.2014 00:00:00,18.870694444444446
25.07.2014 00:00:00,18.199791666666666
26.07.2014 00:00:00,19.393958333333334
27.07.2014 00:00:00,19.742291666666667
28.07.2014 00:00:00,21.098541666666666
29.07.2014 00:00:00,20.818472222222223
30.07.2014 00:00:00,19.27853146853147
31.07.2014 00:00:00,19.961736111111108
01.08.2014 00:00:00,20.221944444444446
02.08.2014 00:00:00,22.407777777777778
03.08.2014 00:00:00,19.597152777777776
04.08.2014 00:00:00,19.00486111111111
05.08.2014 00:00:00,16.975
06.08.2014 00:00:00,17.666041666666665
07.08.2014 00:00:00,18.232222222222223
08.08.2014 00:00:00,20.037430555555556
09.08.2014 00:00:00,21.217430555555556
10.08.2014 00:00:00,20.72715277777778
11.08.2014 00:00:00,19.01861111111111
12.08.2014 00:00:00,17.38215277777778
13.08.2014 00:00:00,15.890277777777776
14.08.2014 00:00:00,16.253055555555555
15.08.2014 00:00:00,14.369236111111112
16.08.2014 00:00:00,14.710625
17.08.2014 00:00:00,16.07270833333333
18.08.2014 00:00:00,14.925902777777777
19.08.2014 00:00:00,14.12909722222222
20.08.2014 00:00:00,13.586527777777778
21.08.2014 00:00:00,13.424722222222222
22.08.2014 00:00:00,13.566458333333333
23.08.2014 00:00:00,12.65673611111111
24.08.2014 00:00:00,12.536319444444445
25.08.2014 00:00:00,13.542430555555557
26.08.2014 00:00:00,12.487013888888889
27.08.2014 00:00:00,14.815624999999999
28.08.2014 00:00:00,15.334583333333333
29.08.2014 00:00:00,17.32541666666667
30.08.2014 00:00:00,17.222569444444446
31.08.2014 00:00:00,14.890972222222224
01.09.2014 00:00:00,14.571666666666667
02.09.2014 00:00:00,14.713194444444444
03.09.2014 00:00:00,14.016041666666666
04.09.2014 00:00:00,14.618819444444446
05.09.2014 00:00:00,18.192777777777778
06.09.2014 00:00:00,19.677708333333335
07.09.2014 00:00:00,17.754097222222224
08.09.2014 00:00:00,18.16638888888889
09.09.2014 00:00:00,15.574097222222223
10.09.2014 00:00:00,13.927847222222221
11.09.2014 00:00:00,13.025694444444445
12.09.2014 00:00:00,13.795347222222222
13.09.2014 00:00:00,15.059930555555557
14.09.2014 00:00:00,15.014097222222224
15.09.2014 00:00:00,17.170416666666668
16.09.2014 00:00:00,18.36409722222222
17.09.2014 00:00:00,17.040000000000003
18.09.2014 00:00:00,16.29784722222222
19.09.2014 00:00:00,18.01965277777778
20.09.2014 00:00:00,16.03826388888889
21.09.2014 00:00:00,13.979722222222222
22.09.2014 00:00:00,10.540486111111111
23.09.2014 00:00:00,11.062430555555556
24.09.2014 00:00:00,8.978349514563106
25.09.2014 00:00:00,14.028222222222222
26.09.2014 00:00:00,13.611180555555556
27.09.2014 00:00:00,15.080208333333335
28.09.2014 00:00:00,13.464513888888888
29.09.2014 00:00:00,17.005347222222223
30.09.2014 00:00:00,17.17111111111111
01.10.2014 00:00:00,16.395
02.10.2014 00:00:00,15.05777777777778
03.10.2014 00:00:00,13.395138888888889
04.10.2014 00:00:00,12.069097222222222
05.10.2014 00:00:00,11.614583333333334
06.10.2014 00:00:00,11.441875000000001
07.10.2014 00:00:00,13.575555555555555
08.10.2014 00:00:00,15.123541666666666
09.10.2014 00:00:00,19.51888888888889
10.10.2014 00:00:00,15.687083333333334
11.10.2014 00:00:00,14.288194444444445
12.10.2014 00:00:00,13.538541666666667
13.10.2014 00:00:00,15.405416666666667
14.10.2014 00:00:00,14.87673611111111
15.10.2014 00:00:00,13.457430555555556
16.10.2014 00:00:00,12.890833333333333
17.10.2014 00:00:00,12.957777777777778
18.10.2014 00:00:00,12.139861111111111
19.10.2014 00:00:00,15.941458333333335
20.10.2014 00:00:00,14.622499999999999
21.10.2014 00:00:00,10.635208333333333
22.10.2014 00:00:00,7.245
23.10.2014 00:00:00,8.839374999999999
24.10.2014 00:00:00,9.28548611111111
25.10.2014 00:00:00,8.412708333333335
26.10.2014 00:00:00,10.805833333333332
27.10.2014 00:00:00,8.883125
28.10.2014 00:00:00,6.010138888888889
29.10.2014 00:00:00,5.290277777777778
30.10.2014 00:00:00,7.793125
31.10.2014 00:00:00,12.04673611111111
01.11.2014 00:00:00,12.645555555555555
02.11.2014 00:00:00,11.173541666666667
03.11.2014 00:00:00,13.650416666666667
04.11.2014 00:00:00,10.655694444444444
05.11.2014 00:00:00,8.897430555555555
06.11.2014 00:00:00,7.8535416666666675
07.11.2014 00:00:00,4.425486111111111
08.11.2014 00:00:00,7.892291666666667
09.11.2014 00:00:00,4.009513888888889
10.11.2014 00:00:00,5.668333333333333
11.11.2014 00:00:00,5.961805555555555
12.11.2014 00:00:00,5.534375000000001
13.11.2014 00:00:00,7.968055555555556
14.11.2014 00:00:00,9.823055555555555
15.11.2014 00:00:00,8.602430555555555
16.11.2014 00:00:00,7.387638888888889
17.11.2014 00:00:00,6.184236111111111
18.11.2014 00:00:00,6.940833333333334
19.11.2014 00:00:00,4.410833333333333
20.11.2014 00:00:00,4.562291666666667
21.11.2014 00:00:00,4.801666666666667
22.11.2014 00:00:00,4.527083333333334
23.11.2014 00:00:00,6.009652777777777
24.11.2014 00:00:00,6.6054861111111105
25.11.2014 00:00:00,0.88
26.11.2014 00:00:00,0.5603472222222222
27.11.2014 00:00:00,1.9365972222222223
28.11.2014 00:00:00,1.8046527777777779
29.11.2014 00:00:00,1.7109027777777779
30.11.2014 00:00:00,1.4647916666666667
01.12.2014 00:00:00,-1.2816666666666667
02.12.2014 00:00:00,-2.365902777777778
03.12.2014 00:00:00,-2.9313194444444446
04.12.2014 00:00:00,-0.9594444444444444
05.12.2014 00:00:00,1.4247222222222222
06.12.2014 00:00:00,2.589861111111111
07.12.2014 00:00:00,2.91125
08.12.2014 00:00:00,1.9921527777777779
09.12.2014 00:00:00,-1.5320833333333335
10.12.2014 00:00:00,1.6184027777777779
11.12.2014 00:00:00,3.4269444444444446
12.12.2014 00:00:00,6.987986111111111
13.12.2014 00:00:00,4.459791666666667
14.12.2014 00:00:00,1.989236111111111
15.12.2014 00:00:00,4.938472222222222
16.12.2014 00:00:00,5.101597222222222
17.12.2014 00:00:00,2.8715277777777777
18.12.2014 00:00:00,9.267152777777778
19.12.2014 00:00:00,10.104861111111111
20.12.2014 00:00:00,4.838680555555555
21.12.2014 00:00:00,5.003819444444444
22.12.2014 00:00:00,8.144930555555554
23.12.2014 00:00:00,10.172569444444443
24.12.2014 00:00:00,7.4129861111111115
25.12.2014 00:00:00,3.808333333333333
26.12.2014 00:00:00,0.25666666666666665
27.12.2014 00:00:00,-3.220902777777778
28.12.2014 00:00:00,-5.687013888888888
29.12.2014 00:00:00,-2.395138888888889
30.12.2014 00:00:00,-1.6730555555555555
31.12.2014 00:00:00,1.8653472222222223
01.01.2015 00:00:00,2.7152777777777777
02.01.2015 00:00:00,3.5831944444444446
03.01.2015 00:00:00,2.4877777777777776
04.01.2015 00:00:00,2.55
05.01.2015 00:00:00,2.035486111111111
06.01.2015 00:00:00,0.3821527777777778
07.01.2015 00:00:00,1.9077083333333331
08.01.2015 00:00:00,4.316944444444444
09.01.2015 00:00:00,7.184930555555557
10.01.2015 00:00:00,11.282083333333333
11.01.2015 00:00:00,3.046597222222222
12.01.2015 00:00:00,5.464583333333334
13.01.2015 00:00:00,9.465625
14.01.2015 00:00:00,5.589305555555556
15.01.2015 00:00:00,4.796111111111111
16.01.2015 00:00:00,6.479236111111111
17.01.2015 00:00:00,2.6473611111111115
18.01.2015 00:00:00,-0.6072222222222222
19.01.2015 00:00:00,-0.8286111111111112
20.01.2015 00:00:00,0.2995833333333333
21.01.2015 00:00:00,-0.7310416666666666
22.01.2015 00:00:00,-1.1435416666666667
23.01.2015 00:00:00,-1.6575
24.01.2015 00:00:00,-0.7714583333333334
25.01.2015 00:00:00,1.1153472222222223
26.01.2015 00:00:00,1.1054166666666667
27.01.2015 00:00:00,2.3116666666666665
28.01.2015 00:00:00,2.6708333333333334
29.01.2015 00:00:00,1.5251388888888888
30.01.2015 00:00:00,1.1038194444444445
31.01.2015 00:00:00,0.07326388888888889
01.02.2015 00:00:00,-1.0041666666666667
02.02.2015 00:00:00,0.6075694444444444
03.02.2015 00:00:00,0.3053472222222222
04.02.2015 00:00:00,-1.7780555555555557
05.02.2015 00:00:00,-2.422638888888889
06.02.2015 00:00:00,-2.9829861111111113
07.02.2015 00:00:00,-1.6388194444444446
08.02.2015 00:00:00,0.5988888888888888
09.02.2015 00:00:00,2.8633333333333333
10.02.2015 00:00:00,3.9754861111111115
11.02.2015 00:00:00,2.887361111111111
12.02.2015 00:00:00,-1.0695833333333333
13.02.2015 00:00:00,0.7266666666666667
14.02.2015 00:00:00,1.1474305555555555
15.02.2015 00:00:00,-0.6547222222222222
16.02.2015 00:00:00,2.62
17.02.2015 00:00:00,-0.33347222222222217
18.02.2015 00:00:00,1.5708333333333333
19.02.2015 00:00:00,-0.010069444444444424
20.02.2015 00:00:00,3.231875
21.02.2015 00:00:00,4.450625
22.02.2015 00:00:00,0.6690277777777778
23.02.2015 00:00:00,1.3353472222222222
24.02.2015 00:00:00,3.6084722222222223
25.02.2015 00:00:00,2.618125
26.02.2015 00:00:00,2.1100694444444446
27.02.2015 00:00:00,3.4963194444444445
28.02.2015 00:00:00,2.809375
01.03.2015 00:00:00,4.378819444444444
02.03.2015 00:00:00,5.311527777777778
03.03.2015 00:00:00,4.426388888888889
04.03.2015 00:00:00,2.997638888888889
05.03.2015 00:00:00,3.6309722222222223
06.03.2015 00:00:00,4.866458333333333
07.03.2015 00:00:00,5.343680555555555
08.03.2015 00:00:00,9.023055555555555
09.03.2015 00:00:00,5.448263888888889
10.03.2015 00:00:00,4.545972222222222
11.03.2015 00:00:00,4.497847222222223
12.03.2015 00:00:00,2.7815972222222225
13.03.2015 00:00:00,0.8137500000000001
14.03.2015 00:00:00,1.9079166666666667
15.03.2015 00:00:00,3.6813194444444446
16.03.2015 00:00:00,6.575208333333333
17.03.2015 00:00:00,9.000555555555556
18.03.2015 00:00:00,9.161458333333334
19.03.2015 00:00:00,6.294791666666667
20.03.2015 00:00:00,4.469791666666667
21.03.2015 00:00:00,2.583125
22.03.2015 00:00:00,0.13541666666666666
23.03.2015 00:00:00,3.6269444444444443
24.03.2015 00:00:00,4.675694444444444
25.03.2015 00:00:00,8.970208333333334
26.03.2015 00:00:00,7.027152777777777
27.03.2015 00:00:00,6.572916666666667
28.03.2015 00:00:00,7.616458333333333
29.03.2015 00:00:00,9.7025
30.03.2015 00:00:00,5.855208333333334
31.03.2015 00:00:00,6.5559722222222225
01.04.2015 00:00:00,2.676736111111111
02.04.2015 00:00:00,2.2886805555555556
03.04.2015 00:00:00,3.9663888888888885
04.04.2015 00:00:00,2.314583333333333
05.04.2015 00:00:00,3.6752083333333334
06.04.2015 00:00:00,4.575972222222223
07.04.2015 00:00:00,6.066944444444444
08.04.2015 00:00:00,8.68736111111111
09.04.2015 00:00:00,11.120555555555555
10.04.2015 00:00:00,12.665138888888889
11.04.2015 00:00:00,12.562152777777778
12.04.2015 00:00:00,11.050347222222221
13.04.2015 00:00:00,9.8525
14.04.2015 00:00:00,9.737638888888888
15.04.2015 00:00:00,17.648680555555554
16.04.2015 00:00:00,12.321180555555555
17.04.2015 00:00:00,7.368125
18.04.2015 00:00:00,6.057708333333333
19.04.2015 00:00:00,7.116180555555555
20.04.2015 00:00:00,10.194236111111111
21.04.2015 00:00:00,13.159166666666668
22.04.2015 00:00:00,6.779791666666666
23.04.2015 00:00:00,8.542291666666666
24.04.2015 00:00:00,12.417361111111111
25.04.2015 00:00:00,13.44951388888889
26.04.2015 00:00:00,13.891527777777778
27.04.2015 00:00:00,10.435347222222223
28.04.2015 00:00:00,7.003263888888889
29.04.2015 00:00:00,8.252638888888889
30.04.2015 00:00:00,9.699791666666666
01.05.2015 00:00:00,9.320069444444444
02.05.2015 00:00:00,9.809722222222222
03.05.2015 00:00:00,11.326180555555556
04.05.2015 00:00:00,17.069444444444443
05.05.2015 00:00:00,19.106944444444444
06.05.2015 00:00:00,15.305277777777778
07.05.2015 00:00:00,12.564305555555556
08.05.2015 00:00:00,13.632916666666667
09.05.2015 00:00:00,15.047361111111112
10.05.2015 00:00:00,13.784930555555555
11.05.2015 00:00:00,15.616180555555555
12.05.2015 00:00:00,19.195138888888888
13.05.2015 00:00:00,14.609930555555556
14.05.2015 00:00:00,11.632777777777777
15.05.2015 00:00:00,11.845208333333334
16.05.2015 00:00:00,12.037569444444445
17.05.2015 00:00:00,12.041458333333333
18.05.2015 00:00:00,14.945
19.05.2015 00:00:00,14.709097222222223
20.05.2015 00:00:00,10.831666666666667
21.05.2015 00:00:00,11.005277777777778
22.05.2015 00:00:00,11.971736111111111
23.05.2015 00:00:00,13.534791666666667
24.05.2015 00:00:00,14.755347222222222
25.05.2015 00:00:00,13.810416666666667
26.05.2015 00:00:00,10.76923611111111
27.05.2015 00:00:00,10.498819444444443
28.05.2015 00:00:00,12.996736111111112
29.05.2015 00:00:00,14.51090277777778
30.05.2015 00:00:00,11.837152777777778
31.05.2015 00:00:00,13.992569444444445
01.06.2015 00:00:00,13.324652777777779
02.06.2015 00:00:00,17.196111111111108
03.06.2015 00:00:00,19.835138888888892
04.06.2015 00:00:00,17.00847222222222
05.06.2015 00:00:00,22.268055555555556
06.06.2015 00:00:00,24.008055555555554
07.06.2015 00:00:00,16.99451388888889
08.06.2015 00:00:00,13.83125
09.06.2015 00:00:00,12.968194444444444
10.06.2015 00:00:00,15.324652777777779
11.06.2015 00:00:00,16.636736111111112
12.06.2015 00:00:00,20.760347222222222
13.06.2015 00:00:00,21.37236111111111
14.06.2015 00:00:00,19.32270833333333
15.06.2015 00:00:00,14.622361111111111
16.06.2015 00:00:00,13.149375
17.06.2015 00:00:00,14.545
18.06.2015 00:00:00,14.984166666666665
19.06.2015 00:00:00,11.730833333333333
20.06.2015 00:00:00,12.014583333333333
21.06.2015 00:00:00,12.943611111111112
22.06.2015 00:00:00,13.759652777777779
23.06.2015 00:00:00,10.795763888888889
24.06.2015 00:00:00,13.320208333333333
25.06.2015 00:00:00,16.556805555555556
26.06.2015 00:00:00,18.325763888888886
27.06.2015 00:00:00,17.352291666666666
28.06.2015 00:00:00,17.51
29.06.2015 00:00:00,20.555486111111108
30.06.2015 00:00:00,20.661388888888887
01.07.2015 00:00:00,22.116458333333334
02.07.2015 00:00:00,25.189930555555556
03.07.2015 00:00:00,27.321944444444444
04.07.2015 00:00:00,29.375347222222224
05.07.2015 00:00:00,28.173125
06.07.2015 00:00:00,21.681458333333335
07.07.2015 00:00:00,23.617361111111112
08.07.2015 00:00:00,18.587708333333335
09.07.2015 00:00:00,14.65263888888889
10.07.2015 00:00:00,14.517013888888888
11.07.2015 00:00:00,18.223680555555557
12.07.2015 00:00:00,18.234166666666667
13.07.2015 00:00:00,16.43576388888889
14.07.2015 00:00:00,18.641805555555557
15.07.2015 00:00:00,20.811875
16.07.2015 00:00:00,22.52576388888889
17.07.2015 00:00:00,25.01263888888889
18.07.2015 00:00:00,24.49534722222222
19.07.2015 00:00:00,21.133750000000003
20.07.2015 00:00:00,20.437013888888888
21.07.2015 00:00:00,24.810208333333335
22.07.2015 00:00:00,25.28451388888889
23.07.2015 00:00:00,20.645694444444445
24.07.2015 00:00:00,21.762291666666666
25.07.2015 00:00:00,19.797430555555554
26.07.2015 00:00:00,16.63041666666667
27.07.2015 00:00:00,16.29222222222222
28.07.2015 00:00:00,16.821458333333332
29.07.2015 00:00:00,14.894583333333335
30.07.2015 00:00:00,14.719027777777777
31.07.2015 00:00:00,15.325347222222222
01.08.2015 00:00:00,18.174999999999997
02.08.2015 00:00:00,21.208333333333332
03.08.2015 00:00:00,23.503680555555558
04.08.2015 00:00:00,23.74256944444444
05.08.2015 00:00:00,20.47145833333333
06.08.2015 00:00:00,25.323680555555555
07.08.2015 00:00:00,27.253055555555555
08.08.2015 00:00:00,24.84673611111111
09.08.2015 00:00:00,22.52298611111111
10.08.2015 00:00:00,25.659930555555558
11.08.2015 00:00:00,24.649652777777778
12.08.2015 00:00:00,23.07513888888889
13.08.2015 00:00:00,23.996597222222224
14.08.2015 00:00:00,24.831527777777776
15.08.2015 00:00:00,21.776319444444443
16.08.2015 00:00:00,18.988055555555558
17.08.2015 00:00:00,16.67652777777778
18.08.2015 00:00:00,14.945694444444444
19.08.2015 00:00:00,15.944027777777778
20.08.2015 00:00:00,15.307569444444445
21.08.2015 00:00:00,16.855138888888888
22.08.2015 00:00:00,17.625416666666666
23.08.2015 00:00:00,18.42826388888889
24.08.2015 00:00:00,20.19736111111111
25.08.2015 00:00:00,15.972569444444446
26.08.2015 00:00:00,19.109305555555554
27.08.2015 00:00:00,22.52104166666667
28.08.2015 00:00:00,16.831458333333334
29.08.2015 00:00:00,18.999166666666667
30.08.2015 00:00:00,23.88951388888889
31.08.2015 00:00:00,25.393680555555555
01.09.2015 00:00:00,20.71798611111111
02.09.2015 00:00:00,15.523125
03.09.2015 00:00:00,13.31298611111111
04.09.2015 00:00:00,12.941666666666666
05.09.2015 00:00:00,12.640694444444444
06.09.2015 00:00:00,11.425416666666667
07.09.2015 00:00:00,12.194444444444445
08.09.2015 00:00:00,12.776319444444445
09.09.2015 00:00:00,13.058958333333333
10.09.2015 00:00:00,11.123402777777777
11.09.2015 00:00:00,11.739513888888888
12.09.2015 00:00:00,15.672708333333333
13.09.2015 00:00:00,19.840833333333332
14.09.2015 00:00:00,16.011944444444442
15.09.2015 00:00:00,14.621875000000001
16.09.2015 00:00:00,16.22763888888889
17.09.2015 00:00:00,17.186666666666667
18.09.2015 00:00:00,14.988055555555556
19.09.2015 00:00:00,13.274722222222222
20.09.2015 00:00:00,12.726666666666667
21.09.2015 00:00:00,13.604375
22.09.2015 00:00:00,12.615763888888889
23.09.2015 00:00:00,11.90423611111111
24.09.2015 00:00:00,12.395833333333334
25.09.2015 00:00:00,11.406041666666667
26.09.2015 00:00:00,11.964027777777778
27.09.2015 00:00:00,11.059583333333332
28.09.2015 00:00:00,9.921041666666667
29.09.2015 00:00:00,10.461875
30.09.2015 00:00:00,9.81298611111111
01.10.2015 00:00:00,8.910138888888888
02.10.2015 00:00:00,8.971458333333334
03.10.2015 00:00:00,12.447986111111112
04.10.2015 00:00:00,12.791666666666666
05.10.2015 00:00:00,14.234791666666666
06.10.2015 00:00:00,14.273680555555554
07.10.2015 00:00:00,14.756527777777778
08.10.2015 00:00:00,13.782013888888889
09.10.2015 00:00:00,12.056666666666667
10.10.2015 00:00:00,6.940625000000001
11.10.2015 00:00:00,4.037083333333333
12.10.2015 00:00:00,2.4420833333333336
13.10.2015 00:00:00,2.0697222222222225
14.10.2015 00:00:00,0.7648611111111111
15.10.2015 00:00:00,3.5861805555555555
16.10.2015 00:00:00,6.14125
17.10.2015 00:00:00,6.643055555555556
18.10.2015 00:00:00,6.602569444444445
19.10.2015 00:00:00,5.760416666666667
20.10.2015 00:00:00,7.567847222222222
21.10.2015 00:00:00,7.923402777777778
22.10.2015 00:00:00,8.025902777777778
23.10.2015 00:00:00,9.92048611111111
24.10.2015 00:00:00,6.086041666666667
25.10.2015 00:00:00,9.87701388888889
26.10.2015 00:00:00,9.963194444444445
27.10.2015 00:00:00,7.650972222222222
28.10.2015 00:00:00,6.367638888888889
29.10.2015 00:00:00,6.899583333333333
30.10.2015 00:00:00,9.29326388888889
31.10.2015 00:00:00,8.488680555555554
01.11.2015 00:00:00,9.43326388888889
02.11.2015 00:00:00,5.741458333333333
03.11.2015 00:00:00,4.164305555555555
04.11.2015 00:00:00,7.116041666666667
05.11.2015 00:00:00,10.553194444444445
06.11.2015 00:00:00,11.753263888888888
07.11.2015 00:00:00,15.643541666666668
08.11.2015 00:00:00,14.469652777777778
09.11.2015 00:00:00,15.162013888888888
10.11.2015 00:00:00,15.093194444444444
11.11.2015 00:00:00,13.459166666666667
12.11.2015 00:00:00,11.727916666666665
13.11.2015 00:00:00,10.682986111111111
14.11.2015 00:00:00,6.674652777777777
15.11.2015 00:00:00,10.446041666666666
16.11.2015 00:00:00,10.854861111111111
17.11.2015 00:00:00,12.189930555555556
18.11.2015 00:00:00,13.269305555555555
19.11.2015 00:00:00,11.310416666666667
20.11.2015 00:00:00,6.945416666666667
21.11.2015 00:00:00,3.553611111111111
22.11.2015 00:00:00,0.8396527777777778
23.11.2015 00:00:00,0.27805555555555556
24.11.2015 00:00:00,0.33340277777777777
25.11.2015 00:00:00,2.1616666666666666
26.11.2015 00:00:00,3.0005555555555556
27.11.2015 00:00:00,-0.7331944444444445
28.11.2015 00:00:00,0.5976388888888889
29.11.2015 00:00:00,5.917708333333334
30.11.2015 00:00:00,7.654444444444445
01.12.2015 00:00:00,7.495208333333333
02.12.2015 00:00:00,9.008194444444445
03.12.2015 00:00:00,3.637916666666667
04.12.2015 00:00:00,5.492152777777778
05.12.2015 00:00:00,5.41
06.12.2015 00:00:00,8.231319444444445
07.12.2015 00:00:00,9.844791666666667
08.12.2015 00:00:00,4.328680555555556
09.12.2015 00:00:00,4.44
10.12.2015 00:00:00,0.9384722222222222
11.12.2015 00:00:00,3.3758333333333335
12.12.2015 00:00:00,5.555138888888889
13.12.2015 00:00:00,6.543333333333333
14.12.2015 00:00:00,3.2411805555555557
15.12.2015 00:00:00,5.2373611111111105
16.12.2015 00:00:00,6.036875
17.12.2015 00:00:00,10.339444444444446
18.12.2015 00:00:00,10.152083333333334
19.12.2015 00:00:00,7.201944444444444
20.12.2015 00:00:00,8.88638888888889
21.12.2015 00:00:00,9.001111111111111
22.12.2015 00:00:00,10.927152777777778
23.12.2015 00:00:00,9.256875
24.12.2015 00:00:00,6.919375
25.12.2015 00:00:00,10.32576388888889
26.12.2015 00:00:00,12.099513888888888
27.12.2015 00:00:00,9.108472222222222
28.12.2015 00:00:00,5.8318055555555555
29.12.2015 00:00:00,3.4319444444444445
30.12.2015 00:00:00,1.9715277777777775
31.12.2015 00:00:00,0.7229861111111111
01.01.2016 00:00:00,0.2492361111111111
02.01.2016 00:00:00,-0.975486111111111
03.01.2016 00:00:00,-1.5780555555555555
04.01.2016 00:00:00,-2.0811111111111114
05.01.2016 00:00:00,-1.7613194444444444
06.01.2016 00:00:00,-4.460138888888888
07.01.2016 00:00:00,-0.4160416666666667
08.01.2016 00:00:00,3.8952777777777774
09.01.2016 00:00:00,-0.5363194444444445
10.01.2016 00:00:00,3.9297222222222223
11.01.2016 00:00:00,3.6758333333333337
12.01.2016 00:00:00,4.371736111111111
13.01.2016 00:00:00,3.172152777777778
14.01.2016 00:00:00,1.9929861111111111
15.01.2016 00:00:00,0.9261805555555556
16.01.2016 00:00:00,-0.5295833333333334
17.01.2016 00:00:00,-2.162777777777778
18.01.2016 00:00:00,-4.84951388888889
19.01.2016 00:00:00,-7.853055555555555
20.01.2016 00:00:00,-2.57875
21.01.2016 00:00:00,-3.566111111111111
22.01.2016 00:00:00,-7.666111111111111
23.01.2016 00:00:00,1.5375
24.01.2016 00:00:00,3.1239583333333334
25.01.2016 00:00:00,6.126041666666667
26.01.2016 00:00:00,8.15861111111111
27.01.2016 00:00:00,10.707708333333334
28.01.2016 00:00:00,7.700833333333334
29.01.2016 00:00:00,4.322152777777777
30.01.2016 00:00:00,6.728263888888889
31.01.2016 00:00:00,3.198958333333333
01.02.2016 00:00:00,10.475555555555555
02.02.2016 00:00:00,10.214722222222223
03.02.2016 00:00:00,3.9370138888888886
04.02.2016 00:00:00,2.625138888888889
05.02.2016 00:00:00,3.872916666666667
06.02.2016 00:00:00,7.394583333333333
07.02.2016 00:00:00,6.7404166666666665
08.02.2016 00:00:00,7.110694444444444
09.02.2016 00:00:00,7.312986111111111
10.02.2016 00:00:00,3.6041666666666665
11.02.2016 00:00:00,3.7427083333333337
12.02.2016 00:00:00,1.9564583333333334
13.02.2016 00:00:00,0.47951388888888885
14.02.2016 00:00:00,5.261180555555556
15.02.2016 00:00:00,3.267708333333333
16.02.2016 00:00:00,-1.316736111111111
17.02.2016 00:00:00,-1.00625
18.02.2016 00:00:00,2.237013888888889
19.02.2016 00:00:00,0.5602083333333333
20.02.2016 00:00:00,3.3579861111111113
21.02.2016 00:00:00,10.424722222222222
22.02.2016 00:00:00,9.083680555555555
23.02.2016 00:00:00,1.7666666666666666
24.02.2016 00:00:00,1.6258333333333335
25.02.2016 00:00:00,-0.8620138888888889
26.02.2016 00:00:00,0.21847222222222223
27.02.2016 00:00:00,0.20555555555555555
28.02.2016 00:00:00,-0.1345138888888889
29.02.2016 00:00:00,-0.3350694444444444
01.03.2016 00:00:00,0.11701388888888888
02.03.2016 00:00:00,3.8499999999999996
03.03.2016 00:00:00,2.651319444444445
04.03.2016 00:00:00,2.633611111111111
05.03.2016 00:00:00,5.455625
06.03.2016 00:00:00,3.5513194444444443
07.03.2016 00:00:00,1.8238194444444444
08.03.2016 00:00:00,1.1827083333333333
09.03.2016 00:00:00,1.6479861111111112
10.03.2016 00:00:00,1.0122222222222221
11.03.2016 00:00:00,2.955833333333333
12.03.2016 00:00:00,1.385138888888889
13.03.2016 00:00:00,0.8038194444444444
14.03.2016 00:00:00,1.634861111111111
15.03.2016 00:00:00,1.9581250000000001
16.03.2016 00:00:00,3.7828472222222222
17.03.2016 00:00:00,4.668263888888889
18.03.2016 00:00:00,4.5975
19.03.2016 00:00:00,4.279930555555556
20.03.2016 00:00:00,4.739722222222222
21.03.2016 00:00:00,5.746944444444444
22.03.2016 00:00:00,5.208819444444445
23.03.2016 00:00:00,5.003888888888889
24.03.2016 00:00:00,5.667847222222222
25.03.2016 00:00:00,5.835208333333333
26.03.2016 00:00:00,7.579930555555555
27.03.2016 00:00:00,7.740555555555556
28.03.2016 00:00:00,8.24986111111111
29.03.2016 00:00:00,7.652152777777778
30.03.2016 00:00:00,7.641388888888888
31.03.2016 00:00:00,6.132083333333333
01.04.2016 00:00:00,3.5102083333333334
02.04.2016 00:00:00,8.202916666666667
03.04.2016 00:00:00,13.248472222222222
04.04.2016 00:00:00,14.624930555555554
05.04.2016 00:00:00,13.988402777777777
06.04.2016 00:00:00,11.621736111111112
07.04.2016 00:00:00,8.700555555555557
08.04.2016 00:00:00,8.012222222222222
09.04.2016 00:00:00,7.759305555555555
10.04.2016 00:00:00,6.910833333333333
11.04.2016 00:00:00,7.588888888888889
12.04.2016 00:00:00,9.739444444444445
13.04.2016 00:00:00,10.188125
14.04.2016 00:00:00,9.961944444444445
15.04.2016 00:00:00,8.947916666666666
16.04.2016 00:00:00,11.216319444444444
17.04.2016 00:00:00,7.767083333333334
18.04.2016 00:00:00,7.171041666666667
19.04.2016 00:00:00,8.260972222222222
20.04.2016 00:00:00,7.589097222222222
21.04.2016 00:00:00,9.37125
22.04.2016 00:00:00,8.832569444444445
23.04.2016 00:00:00,4.913819444444445
24.04.2016 00:00:00,3.4403472222222224
25.04.2016 00:00:00,4.016597222222222
26.04.2016 00:00:00,4.157916666666667
27.04.2016 00:00:00,4.107569444444445
28.04.2016 00:00:00,5.297638888888889
29.04.2016 00:00:00,6.9998611111111115
30.04.2016 00:00:00,10.087916666666667
01.05.2016 00:00:00,10.816458333333333
02.05.2016 00:00:00,11.291458333333333
03.05.2016 00:00:00,9.757083333333334
04.05.2016 00:00:00,8.669930555555556
05.05.2016 00:00:00,12.813333333333333
06.05.2016 00:00:00,16.503541666666667
07.05.2016 00:00:00,17.529166666666665
08.05.2016 00:00:00,17.23909722222222
09.05.2016 00:00:00,17.62402777777778
10.05.2016 00:00:00,18.210902777777775
11.05.2016 00:00:00,17.227430555555557
12.05.2016 00:00:00,16.6875
13.05.2016 00:00:00,15.602708333333332
14.05.2016 00:00:00,9.708333333333334
15.05.2016 00:00:00,6.979652777777778
16.05.2016 00:00:00,8.222708333333333
17.05.2016 00:00:00,9.875277777777777
18.05.2016 00:00:00,13.45076388888889
19.05.2016 00:00:00,13.01798611111111
20.05.2016 00:00:00,15.22763888888889
21.05.2016 00:00:00,17.660347222222224
22.05.2016 00:00:00,20.978541666666665
23.05.2016 00:00:00,14.89777777777778
24.05.2016 00:00:00,11.667291666666666
25.05.2016 00:00:00,12.659166666666668
26.05.2016 00:00:00,15.305416666666666
27.05.2016 00:00:00,13.962916666666667
28.05.2016 00:00:00,17.54611111111111
29.05.2016 00:00:00,18.778333333333332
30.05.2016 00:00:00,18.089305555555555
31.05.2016 00:00:00,17.753680555555558
01.06.2016 00:00:00,17.262500000000003
02.06.2016 00:00:00,15.891458333333333
03.06.2016 00:00:00,16.449166666666667
04.06.2016 00:00:00,18.398611111111112
05.06.2016 00:00:00,19.661875
06.06.2016 00:00:00,19.45784722222222
07.06.2016 00:00:00,19.32069444444444
08.06.2016 00:00:00,18.460763888888888
09.06.2016 00:00:00,15.308402777777777
10.06.2016 00:00:00,16.29423611111111
11.06.2016 00:00:00,16.051319444444445
12.06.2016 00:00:00,16.083958333333335
13.06.2016 00:00:00,16.078958333333333
14.06.2016 00:00:00,16.039236111111112
15.06.2016 00:00:00,15.674444444444443
16.06.2016 00:00:00,14.976319444444446
17.06.2016 00:00:00,15.188125000000001
18.06.2016 00:00:00,15.675694444444446
19.06.2016 00:00:00,15.07326388888889
20.06.2016 00:00:00,17.147499999999997
21.06.2016 00:00:00,18.6075
22.06.2016 00:00:00,21.212777777777777
23.06.2016 00:00:00,25.610763888888886
24.06.2016 00:00:00,26.22736111111111
25.06.2016 00:00:00,22.113611111111112
26.06.2016 00:00:00,18.038819444444446
27.06.2016 00:00:00,17.288819444444446
28.06.2016 00:00:00,17.222361111111113
29.06.2016 00:00:00,19.64611111111111
30.06.2016 00:00:00,18.808611111111112
01.07.2016 00:00:00,21.241319444444443
02.07.2016 00:00:00,17.016041666666666
03.07.2016 00:00:00,13.943750000000001
04.07.2016 00:00:00,15.868888888888888
05.07.2016 00:00:00,19.41923611111111
06.07.2016 00:00:00,15.706805555555556
07.07.2016 00:00:00,16.671180555555555
08.07.2016 00:00:00,20.30673611111111
09.07.2016 00:00:00,20.046875
10.07.2016 00:00:00,23.40826388888889
11.07.2016 00:00:00,24.71604166666667
12.07.2016 00:00:00,20.098125
13.07.2016 00:00:00,16.48166666666667
14.07.2016 00:00:00,14.152569444444445
15.07.2016 00:00:00,14.209097222222223
16.07.2016 00:00:00,17.385347222222222
17.07.2016 00:00:00,19.536388888888887
18.07.2016 00:00:00,21.411388888888887
19.07.2016 00:00:00,22.30972222222222
20.07.2016 00:00:00,24.023125
21.07.2016 00:00:00,19.705555555555556
22.07.2016 00:00:00,22.117013888888888
23.07.2016 00:00:00,20.233333333333334
24.07.2016 00:00:00,22.48784722222222
25.07.2016 00:00:00,22.990416666666665
26.07.2016 00:00:00,21.515138888888888
27.07.2016 00:00:00,20.757708333333333
28.07.2016 00:00:00,20.681527777777777
29.07.2016 00:00:00,19.333819444444444
30.07.2016 00:00:00,20.673402777777778
31.07.2016 00:00:00,19.307430555555555
01.08.2016 00:00:00,17.215625000000003
02.08.2016 00:00:00,15.450972222222223
03.08.2016 00:00:00,18.195416666666667
04.08.2016 00:00:00,19.76736111111111
05.08.2016 00:00:00,17.19097222222222
06.08.2016 00:00:00,17.733194444444443
07.08.2016 00:00:00,19.42388888888889
08.08.2016 00:00:00,21.029027777777777
09.08.2016 00:00:00,16.768194444444443
10.08.2016 00:00:00,12.494027777777779
11.08.2016 00:00:00,12.630277777777778
12.08.2016 00:00:00,14.783680555555556
13.08.2016 00:00:00,20.829652777777778
14.08.2016 00:00:00,19.054861111111112
15.08.2016 00:00:00,17.03576388888889
16.08.2016 00:00:00,16.54986111111111
17.08.2016 00:00:00,14.514444444444443
18.08.2016 00:00:00,15.919513888888888
19.08.2016 00:00:00,18.76291666666667
20.08.2016 00:00:00,19.735763888888886
21.08.2016 00:00:00,17.305694444444445
22.08.2016 00:00:00,18.07069444444444
23.08.2016 00:00:00,21.683541666666667
24.08.2016 00:00:00,22.993680555555557
25.08.2016 00:00:00,24.16916666666667
26.08.2016 00:00:00,25.831180555555555
27.08.2016 00:00:00,24.73784722222222
28.08.2016 00:00:00,24.51590277777778
29.08.2016 00:00:00,20.705625
30.08.2016 00:00:00,16.950208333333332
31.08.2016 00:00:00,18.28013888888889
01.09.2016 00:00:00,19.43861111111111
02.09.2016 00:00:00,19.555555555555557
03.09.2016 00:00:00,20.57409722222222
04.09.2016 00:00:00,17.672013888888888
05.09.2016 00:00:00,15.964374999999999
06.09.2016 00:00:00,17.27576388888889
07.09.2016 00:00:00,17.75201388888889
08.09.2016 00:00:00,20.846041666666665
09.09.2016 00:00:00,20.903888888888886
10.09.2016 00:00:00,20.802777777777777
11.09.2016 00:00:00,21.473125
12.09.2016 00:00:00,23.20798611111111
13.09.2016 00:00:00,23.36576388888889
14.09.2016 00:00:00,22.29986111111111
15.09.2016 00:00:00,21.403888888888886
16.09.2016 00:00:00,18.199444444444442
17.09.2016 00:00:00,15.021319444444446
18.09.2016 00:00:00,14.272569444444445
19.09.2016 00:00:00,12.98451388888889
20.09.2016 00:00:00,12.93576388888889
21.09.2016 00:00:00,11.471805555555555
22.09.2016 00:00:00,12.612361111111111
23.09.2016 00:00:00,14.69763888888889
24.09.2016 00:00:00,14.227500000000001
25.09.2016 00:00:00,14.567916666666669
26.09.2016 00:00:00,13.911458333333334
27.09.2016 00:00:00,15.679375
28.09.2016 00:00:00,15.981527777777778
29.09.2016 00:00:00,18.990625
30.09.2016 00:00:00,14.29027777777778
01.10.2016 00:00:00,13.099652777777777
02.10.2016 00:00:00,13.23986111111111
03.10.2016 00:00:00,10.73236111111111
04.10.2016 00:00:00,10.834513888888889
05.10.2016 00:00:00,7.198541666666666
06.10.2016 00:00:00,8.031458333333333
07.10.2016 00:00:00,8.648472222222223
08.10.2016 00:00:00,7.9277083333333325
09.10.2016 00:00:00,7.852291666666667
10.10.2016 00:00:00,6.847083333333334
11.10.2016 00:00:00,6.474652777777778
12.10.2016 00:00:00,6.0332638888888885
13.10.2016 00:00:00,6.792222222222223
14.10.2016 00:00:00,8.20548611111111
15.10.2016 00:00:00,10.493472222222222
16.10.2016 00:00:00,12.121736111111112
17.10.2016 00:00:00,10.549791666666668
18.10.2016 00:00:00,11.725555555555555
19.10.2016 00:00:00,8.755277777777778
20.10.2016 00:00:00,6.4747916666666665
21.10.2016 00:00:00,5.997777777777777
22.10.2016 00:00:00,5.770555555555556
23.10.2016 00:00:00,6.491458333333333
24.10.2016 00:00:00,7.528472222222222
25.10.2016 00:00:00,8.06875
26.10.2016 00:00:00,9.37384328358209
27.10.2016 00:00:00,10.678936567164179
28.10.2016 00:00:00,11.98402985074627
29.10.2016 00:00:00,9.893888888888888
30.10.2016 00:00:00,8.42173611111111
31.10.2016 00:00:00,7.387152777777778
01.11.2016 00:00:00,7.841041666666666
02.11.2016 00:00:00,6.491944444444445
03.11.2016 00:00:00,4.27
04.11.2016 00:00:00,4.451319444444445
05.11.2016 00:00:00,6.606597222222223
06.11.2016 00:00:00,4.617222222222222
07.11.2016 00:00:00,2.213402777777778
08.11.2016 00:00:00,1.9390972222222222
09.11.2016 00:00:00,0.7992361111111111
10.11.2016 00:00:00,1.5914583333333332
11.11.2016 00:00:00,1.1643055555555555
12.11.2016 00:00:00,-0.3682638888888889
13.11.2016 00:00:00,-0.17472222222222222
14.11.2016 00:00:00,-1.53
15.11.2016 00:00:00,1.380486111111111
16.11.2016 00:00:00,6.193402777777778
17.11.2016 00:00:00,10.219166666666666
18.11.2016 00:00:00,10.243333333333332
19.11.2016 00:00:00,5.852222222222222
20.11.2016 00:00:00,7.887916666666666
21.11.2016 00:00:00,9.41951388888889
22.11.2016 00:00:00,9.846944444444444
23.11.2016 00:00:00,6.550694444444444
24.11.2016 00:00:00,5.714097222222223
25.11.2016 00:00:00,2.9506944444444443
26.11.2016 00:00:00,0.8992361111111111
27.11.2016 00:00:00,2.841527777777778
28.11.2016 00:00:00,-0.7025
29.11.2016 00:00:00,-3.5160416666666667
30.11.2016 00:00:00,-1.03875
01.12.2016 00:00:00,4.989861111111111
02.12.2016 00:00:00,3.4819444444444443
03.12.2016 00:00:00,-2.395138888888889
04.12.2016 00:00:00,-4.093125
05.12.2016 00:00:00,-3.833819444444445
06.12.2016 00:00:00,-4.511805555555556
07.12.2016 00:00:00,-3.1797916666666666
08.12.2016 00:00:00,3.5584027777777774
09.12.2016 00:00:00,5.816458333333333
10.12.2016 00:00:00,7.090347222222222
11.12.2016 00:00:00,6.7306944444444445
12.12.2016 00:00:00,5.470694444444444
13.12.2016 00:00:00,3.750972222222222
14.12.2016 00:00:00,4.696458333333333
15.12.2016 00:00:00,2.885972222222222
16.12.2016 00:00:00,0.15368055555555554
17.12.2016 00:00:00,-1.2421527777777779
18.12.2016 00:00:00,2.8058333333333336
19.12.2016 00:00:00,2.4943055555555556
20.12.2016 00:00:00,-0.6174305555555555
21.12.2016 00:00:00,-1.6655555555555557
22.12.2016 00:00:00,-0.007361111111111124
23.12.2016 00:00:00,1.2450694444444443
24.12.2016 00:00:00,4.539513888888888
25.12.2016 00:00:00,7.798611111111111
26.12.2016 00:00:00,7.527430555555556
27.12.2016 00:00:00,5.245625
28.12.2016 00:00:00,4.887152777777778
29.12.2016 00:00:00,2.67625
30.12.2016 00:00:00,-1.7065972222222223
31.12.2016 00:00:00,-2.4925
01.01.2017 00:00:00,-3.3725694444444443
02.01.2017 00:00:00,-0.7304166666666666
03.01.2017 00:00:00,1.3840972222222223
04.01.2017 00:00:00,2.290972222222222
05.01.2017 00:00:00,-3.516111111111111
06.01.2017 00:00:00,-8.657569444444444
07.01.2017 00:00:00,-8.054722222222223
08.01.2017 00:00:00,-1.345902777777778
09.01.2017 00:00:00,-0.510625
10.01.2017 00:00:00,-1.358611111111111
11.01.2017 00:00:00,-0.20819444444444446
12.01.2017 00:00:00,3.0279166666666666
13.01.2017 00:00:00,1.7559027777777778
14.01.2017 00:00:00,0.7468055555555556
15.01.2017 00:00:00,-0.1936111111111111
16.01.2017 00:00:00,-2.850625
17.01.2017 00:00:00,-3.3650694444444444
18.01.2017 00:00:00,-5.302708333333333
19.01.2017 00:00:00,-6.873541666666666
20.01.2017 00:00:00,-6.049652777777777
21.01.2017 00:00:00,-2.390347222222222
22.01.2017 00:00:00,-6.339375
23.01.2017 00:00:00,-8.083472222222222
24.01.2017 00:00:00,-4.967361111111111
25.01.2017 00:00:00,-2.120347222222222
26.01.2017 00:00:00,-1.8127083333333331
27.01.2017 00:00:00,-1.8459722222222221
28.01.2017 00:00:00,-3.241875
29.01.2017 00:00:00,0.5697222222222222
30.01.2017 00:00:00,1.502152777777778
31.01.2017 00:00:00,1.3211111111111111
01.02.2017 00:00:00,0.3927777777777778
02.02.2017 00:00:00,2.551041666666667
03.02.2017 00:00:00,4.206875
04.02.2017 00:00:00,4.0320833333333335
05.02.2017 00:00:00,4.056111111111111
06.02.2017 00:00:00,0.8679861111111111
07.02.2017 00:00:00,-2.0550694444444444
08.02.2017 00:00:00,-3.225347222222222
09.02.2017 00:00:00,-4.5175
10.02.2017 00:00:00,-3.475138888888889
11.02.2017 00:00:00,0.01583333333333333
12.02.2017 00:00:00,-0.2604861111111111
13.02.2017 00:00:00,-0.8038888888888889
14.02.2017 00:00:00,-0.3309722222222222
15.02.2017 00:00:00,1.888263888888889
16.02.2017 00:00:00,3.965486111111111
17.02.2017 00:00:00,5.274375
18.02.2017 00:00:00,4.288263888888888
19.02.2017 00:00:00,2.4022916666666667
20.02.2017 00:00:00,6.312569444444445
21.02.2017 00:00:00,8.839722222222223
22.02.2017 00:00:00,8.98298611111111
23.02.2017 00:00:00,8.655347222222222
24.02.2017 00:00:00,3.6043749999999997
25.02.2017 00:00:00,3.1933333333333334
26.02.2017 00:00:00,8.67388888888889
27.02.2017 00:00:00,8.952013888888889
28.02.2017 00:00:00,6.440138888888889
01.03.2017 00:00:00,4.987291666666667
02.03.2017 00:00:00,6.547986111111111
03.03.2017 00:00:00,6.104513888888889
04.03.2017 00:00:00,10.355694444444445
05.03.2017 00:00:00,7.680555555555555
06.03.2017 00:00:00,4.849444444444445
07.03.2017 00:00:00,3.635277777777778
08.03.2017 00:00:00,4.5147916666666665
09.03.2017 00:00:00,7.9186805555555555
10.03.2017 00:00:00,6.1033333333333335
11.03.2017 00:00:00,3.5986111111111114
12.03.2017 00:00:00,2.8443055555555556
13.03.2017 00:00:00,4.1725
14.03.2017 00:00:00,7.2811111111111115
15.03.2017 00:00:00,8.532708333333334
16.03.2017 00:00:00,7.936527777777777
17.03.2017 00:00:00,6.804722222222222
18.03.2017 00:00:00,7.248194444444445
19.03.2017 00:00:00,9.06388888888889
20.03.2017 00:00:00,10.792569444444444
21.03.2017 00:00:00,8.514930555555557
22.03.2017 00:00:00,6.044513888888889
23.03.2017 00:00:00,6.565555555555556
24.03.2017 00:00:00,7.004791666666666
25.03.2017 00:00:00,5.709930555555555
26.03.2017 00:00:00,7.048263888888889
27.03.2017 00:00:00,8.303472222222222
28.03.2017 00:00:00,11.438611111111111
29.03.2017 00:00:00,12.694305555555555
30.03.2017 00:00:00,14.402708333333335
31.03.2017 00:00:00,14.862708333333334
01.04.2017 00:00:00,12.934305555555556
02.04.2017 00:00:00,10.971597222222222
03.04.2017 00:00:00,8.64048611111111
04.04.2017 00:00:00,7.2636111111111115
05.04.2017 00:00:00,9.170972222222222
06.04.2017 00:00:00,7.655138888888889
07.04.2017 00:00:00,8.926527777777778
08.04.2017 00:00:00,11.340486111111112
09.04.2017 00:00:00,11.397013888888889
10.04.2017 00:00:00,11.691666666666666
11.04.2017 00:00:00,7.8516666666666675
12.04.2017 00:00:00,10.4875
13.04.2017 00:00:00,9.152569444444445
14.04.2017 00:00:00,8.514722222222222
15.04.2017 00:00:00,8.667291666666666
16.04.2017 00:00:00,6.550972222222223
17.04.2017 00:00:00,4.248263888888889
18.04.2017 00:00:00,2.3029166666666665
19.04.2017 00:00:00,1.16375
20.04.2017 00:00:00,2.47625
21.04.2017 00:00:00,7.6381250000000005
22.04.2017 00:00:00,7.37736111111111
23.04.2017 00:00:00,5.699722222222222
24.04.2017 00:00:00,8.321944444444444
25.04.2017 00:00:00,6.670902777777778
26.04.2017 00:00:00,5.54625
27.04.2017 00:00:00,4.751527777777778
28.04.2017 00:00:00,6.969236111111111
29.04.2017 00:00:00,7.659375000000001
30.04.2017 00:00:00,9.511180555555555
01.05.2017 00:00:00,11.238055555555555
02.05.2017 00:00:00,8.62486111111111
03.05.2017 00:00:00,10.879930555555555
04.05.2017 00:00:00,8.696597222222222
05.05.2017 00:00:00,8.942430555555555
06.05.2017 00:00:00,12.211041666666667
07.05.2017 00:00:00,13.326875
08.05.2017 00:00:00,9.684583333333332
09.05.2017 00:00:00,6.290763888888889
10.05.2017 00:00:00,8.890416666666667
11.05.2017 00:00:00,14.168125
12.05.2017 00:00:00,14.059930555555557
13.05.2017 00:00:00,15.214722222222223
14.05.2017 00:00:00,14.49097222222222
15.05.2017 00:00:00,15.344930555555557
16.05.2017 00:00:00,16.67298611111111
17.05.2017 00:00:00,21.224652777777777
18.05.2017 00:00:00,21.95409722222222
19.05.2017 00:00:00,17.843611111111112
20.05.2017 00:00:00,13.695277777777777
21.05.2017 00:00:00,14.105208333333334
22.05.2017 00:00:00,14.436874999999999
23.05.2017 00:00:00,16.613194444444446
24.05.2017 00:00:00,13.653194444444445
25.05.2017 00:00:00,14.833333333333334
26.05.2017 00:00:00,17.501041666666666
27.05.2017 00:00:00,19.89138888888889
28.05.2017 00:00:00,22.881180555555556
29.05.2017 00:00:00,22.69326388888889
30.05.2017 00:00:00,19.679791666666667
31.05.2017 00:00:00,18.395208333333333
01.06.2017 00:00:00,17.261319444444446
02.06.2017 00:00:00,18.728472222222223
03.06.2017 00:00:00,18.881319444444443
04.06.2017 00:00:00,16.158402777777777
05.06.2017 00:00:00,14.948680555555557
06.06.2017 00:00:00,15.30763888888889
07.06.2017 00:00:00,12.800833333333333
08.06.2017 00:00:00,16.11875
09.06.2017 00:00:00,17.821527777777778
10.06.2017 00:00:00,16.352361111111108
11.06.2017 00:00:00,21.433402777777776
12.06.2017 00:00:00,20.533333333333335
13.06.2017 00:00:00,15.871180555555554
14.06.2017 00:00:00,16.840555555555554
15.06.2017 00:00:00,19.811875
16.06.2017 00:00:00,17.335694444444446
17.06.2017 00:00:00,15.637569444444445
18.06.2017 00:00:00,18.644791666666666
19.06.2017 00:00:00,21.648680555555554
20.06.2017 00:00:00,23.349444444444444
21.06.2017 00:00:00,21.285416666666666
22.06.2017 00:00:00,22.206041666666668
23.06.2017 00:00:00,20.374861111111112
24.06.2017 00:00:00,20.34826388888889
25.06.2017 00:00:00,19.158680555555556
26.06.2017 00:00:00,18.29125
27.06.2017 00:00:00,17.450625
28.06.2017 00:00:00,19.084999999999997
29.06.2017 00:00:00,15.674027777777777
30.06.2017 00:00:00,17.422708333333333
01.07.2017 00:00:00,15.889652777777778
02.07.2017 00:00:00,16.414930555555557
03.07.2017 00:00:00,18.23701388888889
04.07.2017 00:00:00,19.456319444444446
05.07.2017 00:00:00,19.412847222222222
06.07.2017 00:00:00,21.57840277777778
07.07.2017 00:00:00,23.294652777777777
08.07.2017 00:00:00,22.556875
09.07.2017 00:00:00,22.108958333333334
10.07.2017 00:00:00,19.963194444444444
11.07.2017 00:00:00,19.514097222222222
12.07.2017 00:00:00,16.767013888888886
13.07.2017 00:00:00,14.610000000000001
14.07.2017 00:00:00,15.625486111111112
15.07.2017 00:00:00,15.467222222222224
16.07.2017 00:00:00,17.828194444444446
17.07.2017 00:00:00,19.153888888888886
18.07.2017 00:00:00,20.64986111111111
19.07.2017 00:00:00,23.79041666666667
20.07.2017 00:00:00,20.35090277777778
21.07.2017 00:00:00,22.034097222222222
22.07.2017 00:00:00,20.706249999999997
23.07.2017 00:00:00,19.457708333333333
24.07.2017 00:00:00,15.130416666666669
25.07.2017 00:00:00,13.84423611111111
26.07.2017 00:00:00,14.397152777777778
27.07.2017 00:00:00,16.825000000000003
28.07.2017 00:00:00,17.83534722222222
29.07.2017 00:00:00,19.985277777777778
30.07.2017 00:00:00,23.80625
31.07.2017 00:00:00,23.292777777777776
01.08.2017 00:00:00,23.209652777777777
02.08.2017 00:00:00,22.57611111111111
03.08.2017 00:00:00,21.779166666666665
04.08.2017 00:00:00,21.502569444444443
05.08.2017 00:00:00,19.451180555555553
06.08.2017 00:00:00,17.144375
07.08.2017 00:00:00,18.553958333333334
08.08.2017 00:00:00,20.612430555555555
09.08.2017 00:00:00,21.23611111111111
10.08.2017 00:00:00,15.814305555555556
11.08.2017 00:00:00,14.63951388888889
12.08.2017 00:00:00,14.771180555555556
13.08.2017 00:00:00,16.616111111111113
14.08.2017 00:00:00,17.92930555555556
15.08.2017 00:00:00,22.021319444444444
16.08.2017 00:00:00,20.265069444444446
17.08.2017 00:00:00,20.837916666666665
18.08.2017 00:00:00,21.236805555555556
19.08.2017 00:00:00,16.88340277777778
20.08.2017 00:00:00,15.477569444444445
21.08.2017 00:00:00,15.31798611111111
22.08.2017 00:00:00,14.091527777777777
23.08.2017 00:00:00,15.390208333333334
24.08.2017 00:00:00,17.542291666666667
25.08.2017 00:00:00,18.550763888888888
26.08.2017 00:00:00,19.439791666666665
27.08.2017 00:00:00,19.67159722222222
28.08.2017 00:00:00,17.31076388888889
29.08.2017 00:00:00,19.4275
30.08.2017 00:00:00,22.842569444444443
31.08.2017 00:00:00,19.063680555555557
01.09.2017 00:00:00,13.79736111111111
02.09.2017 00:00:00,11.3475
03.09.2017 00:00:00,12.477361111111112
04.09.2017 00:00:00,13.968472222222223
05.09.2017 00:00:00,15.268819444444444
06.09.2017 00:00:00,16.707569444444445
07.09.2017 00:00:00,13.841180555555557
08.09.2017 00:00:00,14.91986111111111
09.09.2017 00:00:00,15.374027777777778
10.09.2017 00:00:00,15.378055555555555
11.09.2017 00:00:00,13.559791666666666
12.09.2017 00:00:00,13.053125000000001
13.09.2017 00:00:00,13.9925
14.09.2017 00:00:00,11.293402777777779
15.09.2017 00:00:00,12.04673611111111
16.09.2017 00:00:00,9.70111111111111
17.09.2017 00:00:00,9.552291666666667
18.09.2017 00:00:00,8.816180555555555
19.09.2017 00:00:00,10.613680555555554
20.09.2017 00:00:00,11.100555555555555
21.09.2017 00:00:00,12.393194444444443
22.09.2017 00:00:00,11.722916666666666
23.09.2017 00:00:00,12.216597222222223
24.09.2017 00:00:00,12.336041666666667
25.09.2017 00:00:00,12.800347222222221
26.09.2017 00:00:00,12.957777777777778
27.09.2017 00:00:00,12.929097222222222
28.09.2017 00:00:00,14.399722222222222
29.09.2017 00:00:00,15.667361111111111
30.09.2017 00:00:00,16.119722222222222
01.10.2017 00:00:00,11.712499999999999
02.10.2017 00:00:00,11.154722222222222
03.10.2017 00:00:00,11.733055555555556
04.10.2017 00:00:00,11.381597222222222
05.10.2017 00:00:00,10.84173611111111
06.10.2017 00:00:00,9.914166666666667
07.10.2017 00:00:00,9.926527777777778
08.10.2017 00:00:00,10.090486111111112
09.10.2017 00:00:00,8.791527777777778
10.10.2017 00:00:00,11.655138888888889
11.10.2017 00:00:00,13.969166666666666
12.10.2017 00:00:00,14.052083333333334
13.10.2017 00:00:00,12.508888888888889
14.10.2017 00:00:00,14.648263888888888
15.10.2017 00:00:00,14.516041666666666
16.10.2017 00:00:00,15.858472222222222
17.10.2017 00:00:00,15.987013888888889
18.10.2017 00:00:00,12.647777777777778
19.10.2017 00:00:00,12.760208333333333
20.10.2017 00:00:00,13.284166666666668
21.10.2017 00:00:00,11.466041666666667
22.10.2017 00:00:00,9.98013888888889
23.10.2017 00:00:00,9.061458333333333
24.10.2017 00:00:00,11.309861111111111
25.10.2017 00:00:00,15.039236111111112
26.10.2017 00:00:00,12.962777777777779
27.10.2017 00:00:00,10.105694444444445
28.10.2017 00:00:00,8.965486111111112
29.10.2017 00:00:00,8.10736111111111
30.10.2017 00:00:00,6.271249999999999
31.10.2017 00:00:00,6.895347222222222
01.11.2017 00:00:00,8.210486111111111
02.11.2017 00:00:00,9.989305555555555
03.11.2017 00:00:00,8.099027777777778
04.11.2017 00:00:00,6.840624999999999
05.11.2017 00:00:00,8.407708333333334
06.11.2017 00:00:00,5.687083333333334
07.11.2017 00:00:00,4.853055555555556
08.11.2017 00:00:00,6.649861111111111
09.11.2017 00:00:00,6.611041666666667
10.11.2017 00:00:00,6.098958333333333
11.11.2017 00:00:00,4.822777777777778
12.11.2017 00:00:00,2.354444444444445
13.11.2017 00:00:00,3.0424305555555557
14.11.2017 00:00:00,3.038125
15.11.2017 00:00:00,5.902013888888889
16.11.2017 00:00:00,5.283680555555556
17.11.2017 00:00:00,4.620625
18.11.2017 00:00:00,3.361458333333333
19.11.2017 00:00:00,4.105
20.11.2017 00:00:00,3.5801388888888885
21.11.2017 00:00:00,7.113680555555555
22.11.2017 00:00:00,7.997847222222223
23.11.2017 00:00:00,9.593680555555556
24.11.2017 00:00:00,10.748194444444444
25.11.2017 00:00:00,5.07625
26.11.2017 00:00:00,2.225833333333333
27.11.2017 00:00:00,3.3716666666666666
28.11.2017 00:00:00,3.8966666666666665
29.11.2017 00:00:00,0.8332638888888888
30.11.2017 00:00:00,-1.4761805555555556
01.12.2017 00:00:00,-0.36763888888888885
02.12.2017 00:00:00,0.08840277777777777
03.12.2017 00:00:00,-1.6240277777777778
04.12.2017 00:00:00,2.4276388888888887
05.12.2017 00:00:00,5.033055555555555
06.12.2017 00:00:00,5.159305555555556
07.12.2017 00:00:00,4.8729861111111115
08.12.2017 00:00:00,3.3663194444444446
09.12.2017 00:00:00,0.369375
10.12.2017 00:00:00,-0.2561805555555556
11.12.2017 00:00:00,5.697152777777777
12.12.2017 00:00:00,3.7880555555555557
13.12.2017 00:00:00,1.9090277777777775
14.12.2017 00:00:00,3.2667361111111113
15.12.2017 00:00:00,2.020555555555555
16.12.2017 00:00:00,1.7331944444444445
17.12.2017 00:00:00,1.738611111111111
18.12.2017 00:00:00,0.9947916666666666
19.12.2017 00:00:00,1.4531944444444445
20.12.2017 00:00:00,3.27375
21.12.2017 00:00:00,5.421597222222222
22.12.2017 00:00:00,5.329166666666667
23.12.2017 00:00:00,7.198125
24.12.2017 00:00:00,7.710208333333333
25.12.2017 00:00:00,5.164236111111111
26.12.2017 00:00:00,4.677152777777778
27.12.2017 00:00:00,3.6098611111111114
28.12.2017 00:00:00,2.1411805555555556
29.12.2017 00:00:00,0.9868055555555555
30.12.2017 00:00:00,4.060694444444445
31.12.2017 00:00:00,10.844930555555557
